,instant,dteday,season,yr,mnth,holiday,weekday,workingday,weathersit,temp,atemp,hum,windspeed,casual,registered,cnt,predict
0,1,2011-01-01,1,0,1,0,6,0,2,0.344167,0.363625,0.805833,0.160446,331,654,985,1256.044
1,2,2011-01-02,1,0,1,0,0,0,2,0.363478,0.35373899999999997,0.696087,0.24853899999999998,131,670,801,1103.112
2,3,2011-01-03,1,0,1,0,1,1,1,0.196364,0.189405,0.43727299999999997,0.248309,120,1229,1349,1347.117
3,4,2011-01-04,1,0,1,0,2,1,1,0.2,0.21212199999999998,0.590435,0.160296,108,1454,1562,1525.1775666666667
4,5,2011-01-05,1,0,1,0,3,1,1,0.22695700000000002,0.22926999999999997,0.436957,0.1869,82,1518,1600,1540.024542857143
5,6,2011-01-06,1,0,1,0,4,1,1,0.204348,0.23320900000000003,0.518261,0.0895652,88,1518,1606,1560.185
6,7,2011-01-07,1,0,1,0,5,1,2,0.196522,0.208839,0.49869600000000003,0.168726,148,1362,1510,1481.7416428571428
7,8,2011-01-08,1,0,1,0,6,0,2,0.165,0.162254,0.535833,0.266804,68,891,959,1095.138
8,9,2011-01-09,1,0,1,0,0,0,1,0.13833299999999998,0.116175,0.434167,0.36195,54,768,822,1013.376
9,10,2011-01-10,1,0,1,0,1,1,1,0.150833,0.15088800000000002,0.482917,0.22326700000000002,41,1280,1321,1302.3786666666665
10,11,2011-01-11,1,0,1,0,2,1,2,0.16909100000000002,0.19146400000000002,0.6863640000000001,0.12213199999999999,43,1220,1263,1218.7686666666666
11,12,2011-01-12,1,0,1,0,3,1,1,0.172727,0.160473,0.599545,0.304627,25,1137,1162,1247.1666666666665
12,13,2011-01-13,1,0,1,0,4,1,1,0.165,0.150883,0.47041700000000003,0.301,38,1368,1406,1285.8310666666666
13,14,2011-01-14,1,0,1,0,5,1,1,0.16087,0.188413,0.537826,0.126548,54,1367,1421,1388.5055666666667
14,15,2011-01-15,1,0,1,0,6,0,2,0.23333299999999998,0.248112,0.49875,0.15796300000000002,222,1026,1248,1322.0218095238095
15,16,2011-01-16,1,0,1,0,0,0,1,0.231667,0.234217,0.48375,0.188433,251,953,1204,1292.1638095238095
16,17,2011-01-17,1,0,1,1,1,0,2,0.175833,0.176771,0.5375,0.194017,117,883,1000,1151.8728095238096
17,18,2011-01-18,1,0,1,0,2,1,2,0.216667,0.23233299999999998,0.861667,0.146775,9,674,683,873.838
18,19,2011-01-19,1,0,1,0,3,1,2,0.292174,0.29842199999999997,0.741739,0.208317,78,1572,1650,1633.9113333333335
19,20,2011-01-20,1,0,1,0,4,1,2,0.261667,0.25505,0.538333,0.195904,83,1844,1927,1797.2389206349208
20,21,2011-01-21,1,0,1,0,5,1,1,0.1775,0.157833,0.457083,0.353242,75,1468,1543,1425.6773999999998
21,22,2011-01-22,1,0,1,0,6,0,1,0.0591304,0.0790696,0.4,0.17197,93,888,981,1162.776
22,23,2011-01-23,1,0,1,0,0,0,1,0.0965217,0.09883910000000001,0.436522,0.2466,150,836,986,1088.684
23,24,2011-01-24,1,0,1,0,1,1,1,0.0973913,0.11793,0.49173900000000004,0.15833,86,1330,1416,1344.199
24,25,2011-01-25,1,0,1,0,2,1,2,0.223478,0.234526,0.616957,0.129796,186,1799,1985,1342.2551428571428
25,26,2011-01-26,1,0,1,0,3,1,3,0.2175,0.2036,0.8625,0.29385,34,472,506,720.46
26,27,2011-01-27,1,0,1,0,4,1,1,0.195,0.2197,0.6875,0.113837,15,416,431,765.324
27,28,2011-01-28,1,0,1,0,5,1,2,0.203478,0.22331700000000002,0.793043,0.1233,38,1129,1167,1124.093
28,29,2011-01-29,1,0,1,0,6,0,1,0.196522,0.212126,0.6517390000000001,0.14536500000000002,123,975,1098,1117.9091428571428
29,30,2011-01-30,1,0,1,0,0,0,1,0.216522,0.250322,0.722174,0.0739826,140,956,1096,1137.52
30,31,2011-01-31,1,0,1,0,1,1,2,0.180833,0.18625,0.60375,0.187192,42,1459,1501,1441.3731428571427
31,32,2011-02-01,1,0,2,0,2,1,2,0.192174,0.23453000000000002,0.829565,0.053212999999999996,47,1313,1360,1541.686
32,33,2011-02-02,1,0,2,0,3,1,2,0.26,0.254417,0.775417,0.264308,72,1454,1526,1608.711
33,34,2011-02-03,1,0,2,0,4,1,1,0.18695699999999998,0.177878,0.43782600000000005,0.277752,61,1489,1550,1623.5626666666667
34,35,2011-02-04,1,0,2,0,5,1,2,0.211304,0.22858699999999998,0.585217,0.127839,88,1620,1708,1654.918
35,36,2011-02-05,1,0,2,0,6,0,2,0.23333299999999998,0.243058,0.929167,0.161079,100,905,1005,1196.75
36,37,2011-02-06,1,0,2,0,0,0,1,0.285833,0.291671,0.568333,0.1418,354,1269,1623,1900.6056666666666
37,38,2011-02-07,1,0,2,0,1,1,1,0.271667,0.303658,0.738333,0.045408300000000006,120,1592,1712,1775.872
38,39,2011-02-08,1,0,2,0,2,1,1,0.220833,0.198246,0.537917,0.36195,64,1466,1530,1541.2736666666665
39,40,2011-02-09,1,0,2,0,3,1,2,0.134783,0.144283,0.494783,0.188839,53,1552,1605,1558.0981666666667
40,41,2011-02-10,1,0,2,0,4,1,1,0.144348,0.14954800000000001,0.437391,0.221935,47,1491,1538,1561.8396666666667
41,42,2011-02-11,1,0,2,0,5,1,1,0.189091,0.213509,0.506364,0.10855,149,1597,1746,1702.8533333333332
42,43,2011-02-12,1,0,2,0,6,0,1,0.2225,0.232954,0.544167,0.20336700000000002,288,1184,1472,1602.0326666666667
43,44,2011-02-13,1,0,2,0,0,0,1,0.31652199999999997,0.324113,0.457391,0.260883,397,1192,1589,1728.8010000000002
44,45,2011-02-14,1,0,2,0,1,1,1,0.415,0.39835,0.375833,0.417908,208,1705,1913,2010.31
45,46,2011-02-15,1,0,2,0,2,1,1,0.26608699999999996,0.254274,0.314348,0.29137399999999997,140,1675,1815,1822.4592952380951
46,47,2011-02-16,1,0,2,0,3,1,1,0.318261,0.3162,0.42347799999999997,0.251791,218,1897,2115,2030.4862063492064
47,48,2011-02-17,1,0,2,0,4,1,1,0.43583299999999997,0.428658,0.505,0.230104,259,2216,2475,2565.87
48,49,2011-02-18,1,0,2,0,5,1,1,0.521667,0.511983,0.516667,0.264925,579,2348,2927,3076.25
49,50,2011-02-19,1,0,2,0,6,0,1,0.399167,0.391404,0.187917,0.507463,532,1103,1635,1844.926
50,51,2011-02-20,1,0,2,0,0,0,1,0.285217,0.27733,0.407826,0.223235,639,1173,1812,1854.8543111111112
51,52,2011-02-21,1,0,2,1,1,0,2,0.303333,0.284075,0.605,0.307846,195,912,1107,1374.4863333333333
52,53,2011-02-22,1,0,2,0,2,1,1,0.182222,0.186033,0.577778,0.195683,74,1376,1450,1518.0403333333334
53,54,2011-02-23,1,0,2,0,3,1,1,0.221739,0.24571700000000002,0.423043,0.094113,139,1778,1917,1815.853
54,55,2011-02-24,1,0,2,0,4,1,2,0.295652,0.289191,0.697391,0.250496,100,1707,1807,1762.3628285714285
55,56,2011-02-25,1,0,2,0,5,1,2,0.364348,0.350461,0.712174,0.346539,120,1341,1461,1581.654
56,57,2011-02-26,1,0,2,0,6,0,1,0.2825,0.282192,0.537917,0.18657100000000001,424,1545,1969,1732.6605396825396
57,58,2011-02-27,1,0,2,0,0,0,1,0.343478,0.351109,0.68,0.125248,694,1708,2402,2133.642
58,59,2011-02-28,1,0,2,0,1,1,2,0.407273,0.400118,0.8763639999999999,0.289686,81,1365,1446,1598.5433333333335
59,60,2011-03-01,1,0,3,0,2,1,1,0.266667,0.263879,0.535,0.216425,137,1714,1851,1900.7482
60,61,2011-03-02,1,0,3,0,3,1,1,0.335,0.320071,0.449583,0.30783299999999997,231,1903,2134,2123.144761904762
61,62,2011-03-03,1,0,3,0,4,1,1,0.19833299999999998,0.200133,0.318333,0.225754,123,1562,1685,1762.886
62,63,2011-03-04,1,0,3,0,5,1,2,0.261667,0.255679,0.610417,0.203346,214,1730,1944,1931.460373015873
63,64,2011-03-05,1,0,3,0,6,0,2,0.384167,0.378779,0.789167,0.251871,640,1437,2077,2039.493
64,65,2011-03-06,1,0,3,0,0,0,2,0.37652199999999997,0.366252,0.948261,0.343287,114,491,605,1787.028
65,66,2011-03-07,1,0,3,0,1,1,1,0.261739,0.238461,0.551304,0.341352,244,1628,1872,1861.4772952380952
66,67,2011-03-08,1,0,3,0,2,1,1,0.2925,0.3024,0.420833,0.12065,316,1817,2133,2110.641295238095
67,68,2011-03-09,1,0,3,0,3,1,2,0.295833,0.286608,0.775417,0.22015,191,1700,1891,1897.8078666666668
68,69,2011-03-10,1,0,3,0,4,1,3,0.38909099999999996,0.385668,0.0,0.26187699999999997,46,577,623,1967.7253333333333
69,70,2011-03-11,1,0,3,0,5,1,2,0.31652199999999997,0.305,0.649565,0.23296999999999998,247,1730,1977,1979.324411111111
70,71,2011-03-12,1,0,3,0,6,0,1,0.329167,0.32575,0.594583,0.220775,724,1408,2132,2146.6844285714283
71,72,2011-03-13,1,0,3,0,0,0,1,0.384348,0.380091,0.5273909999999999,0.270604,982,1435,2417,2369.933333333333
72,73,2011-03-14,1,0,3,0,1,1,1,0.32521700000000003,0.332,0.496957,0.136926,359,1687,2046,2094.3494285714287
73,74,2011-03-15,1,0,3,0,2,1,2,0.317391,0.318178,0.655652,0.184309,289,1767,2056,1983.056377777778
74,75,2011-03-16,1,0,3,0,3,1,2,0.365217,0.36693000000000003,0.776522,0.20311700000000002,321,1871,2192,2041.963
75,76,2011-03-17,1,0,3,0,4,1,1,0.415,0.410333,0.602917,0.209579,424,2320,2744,2577.369
76,77,2011-03-18,1,0,3,0,5,1,1,0.54,0.5270090000000001,0.525217,0.231017,884,2355,3239,3339.61
77,78,2011-03-19,1,0,3,0,6,0,1,0.4725,0.466525,0.37916700000000003,0.368167,1424,1693,3117,3335.984
78,79,2011-03-20,1,0,3,0,0,0,1,0.3325,0.32575,0.47375,0.20772100000000002,1047,1424,2471,2335.605
79,80,2011-03-21,2,0,3,0,1,1,2,0.430435,0.409735,0.737391,0.288783,401,1676,2077,2216.3521333333333
80,81,2011-03-22,2,0,3,0,2,1,1,0.44166700000000003,0.44064200000000003,0.624583,0.22575,460,2243,2703,2822.954
81,82,2011-03-23,2,0,3,0,3,1,2,0.346957,0.337939,0.839565,0.23426100000000002,203,1918,2121,1997.1967333333334
82,83,2011-03-24,2,0,3,0,4,1,2,0.285,0.270833,0.805833,0.24378699999999998,166,1699,1865,1903.3801619047617
83,84,2011-03-25,2,0,3,0,5,1,1,0.264167,0.256312,0.495,0.230725,300,1910,2210,2222.381777777778
84,85,2011-03-26,2,0,3,0,6,0,1,0.265833,0.257571,0.394167,0.209571,981,1515,2496,2238.247111111111
85,86,2011-03-27,2,0,3,0,0,0,2,0.25304299999999996,0.250339,0.493913,0.1843,472,1221,1693,1844.376
86,87,2011-03-28,2,0,3,0,1,1,1,0.264348,0.25757399999999997,0.302174,0.212204,222,1806,2028,2114.197111111111
87,88,2011-03-29,2,0,3,0,2,1,1,0.3025,0.292908,0.31416700000000003,0.226996,317,2108,2425,2361.97
88,89,2011-03-30,2,0,3,0,3,1,2,0.3,0.29735,0.646667,0.17288800000000001,168,1368,1536,1811.409
89,90,2011-03-31,2,0,3,0,4,1,3,0.268333,0.257575,0.918333,0.217646,179,1506,1685,1531.7086666666664
90,91,2011-04-01,2,0,4,0,5,1,2,0.3,0.283454,0.68625,0.258708,307,1920,2227,2194.3136666666664
91,92,2011-04-02,2,0,4,0,6,0,2,0.315,0.315637,0.65375,0.19714600000000002,898,1354,2252,2260.9611
92,93,2011-04-03,2,0,4,0,0,0,1,0.378333,0.378767,0.48,0.182213,1651,1598,3249,3081.31
93,94,2011-04-04,2,0,4,0,1,1,1,0.573333,0.542929,0.42625,0.385571,734,2381,3115,3624.931866666667
94,95,2011-04-05,2,0,4,0,2,1,2,0.414167,0.39835,0.642083,0.388067,167,1628,1795,2121.074
95,96,2011-04-06,2,0,4,0,3,1,1,0.390833,0.387608,0.470833,0.263063,413,2395,2808,2915.884
96,97,2011-04-07,2,0,4,0,4,1,1,0.4375,0.433696,0.602917,0.16231199999999998,571,2570,3141,3184.135
97,98,2011-04-08,2,0,4,0,5,1,2,0.335833,0.324479,0.83625,0.226992,172,1299,1471,1757.2631999999999
98,99,2011-04-09,2,0,4,0,6,0,2,0.3425,0.34152899999999997,0.8775,0.13308299999999998,879,1576,2455,2437.62
99,100,2011-04-10,2,0,4,0,0,0,2,0.426667,0.426737,0.8575,0.146767,1188,1707,2895,2837.696
100,101,2011-04-11,2,0,4,0,1,1,2,0.5956520000000001,0.565217,0.716956,0.324474,855,2493,3348,3698.5698303030304
101,102,2011-04-12,2,0,4,0,2,1,2,0.5025,0.493054,0.739167,0.274879,257,1777,2034,2660.123333333333
102,103,2011-04-13,2,0,4,0,3,1,2,0.4125,0.417283,0.819167,0.25061700000000003,209,1953,2162,2182.2483333333334
103,104,2011-04-14,2,0,4,0,4,1,1,0.4675,0.462742,0.540417,0.1107,529,2738,3267,3549.905878787879
104,105,2011-04-15,2,0,4,1,5,0,1,0.446667,0.441913,0.67125,0.226375,642,2484,3126,3265.637
105,106,2011-04-16,2,0,4,0,6,0,3,0.43083299999999997,0.425492,0.888333,0.340808,121,674,795,1274.82
106,107,2011-04-17,2,0,4,0,0,0,1,0.456667,0.445696,0.479583,0.303496,1558,2186,3744,3814.3563333333336
107,108,2011-04-18,2,0,4,0,1,1,1,0.5125,0.503146,0.5425,0.16356700000000002,669,2760,3429,3907.568433159471
108,109,2011-04-19,2,0,4,0,2,1,2,0.505833,0.48925799999999997,0.665833,0.157971,409,2795,3204,3364.6945833333334
109,110,2011-04-20,2,0,4,0,3,1,1,0.595,0.564392,0.614167,0.241925,613,3331,3944,4014.8701789449115
110,111,2011-04-21,2,0,4,0,4,1,1,0.459167,0.453892,0.407083,0.325258,745,3444,4189,4094.4568333333336
111,112,2011-04-22,2,0,4,0,5,1,2,0.336667,0.321954,0.729583,0.219521,177,1506,1683,1881.833
112,113,2011-04-23,2,0,4,0,6,0,2,0.46,0.450121,0.887917,0.230725,1462,2574,4036,3566.0512285714285
113,114,2011-04-24,2,0,4,0,0,0,2,0.581667,0.551763,0.810833,0.192175,1710,2481,4191,3828.5352922077923
114,115,2011-04-25,2,0,4,0,1,1,1,0.606667,0.5745,0.776667,0.185333,773,3300,4073,4081.940539598997
115,116,2011-04-26,2,0,4,0,2,1,1,0.631667,0.594083,0.729167,0.3265,678,3722,4400,4291.893915800866
116,117,2011-04-27,2,0,4,0,3,1,2,0.62,0.575142,0.835417,0.3122,547,3325,3872,3621.105292207792
117,118,2011-04-28,2,0,4,0,4,1,2,0.6175,0.578929,0.700833,0.32090799999999997,569,3489,4058,3973.121214430015
118,119,2011-04-29,2,0,4,0,5,1,1,0.51,0.497463,0.457083,0.240063,878,3717,4595,4466.6318666666675
119,120,2011-04-30,2,0,4,0,6,0,1,0.4725,0.464021,0.503333,0.235075,1965,3347,5312,4860.37
120,121,2011-05-01,2,0,5,0,0,0,2,0.451667,0.448204,0.762083,0.10635399999999999,1138,2213,3351,3483.8752000000004
121,122,2011-05-02,2,0,5,0,1,1,2,0.549167,0.532833,0.73,0.183454,847,3554,4401,4390.74359680842
122,123,2011-05-03,2,0,5,0,2,1,2,0.616667,0.582079,0.697083,0.342667,603,3848,4451,4273.509760939061
123,124,2011-05-04,2,0,5,0,3,1,2,0.414167,0.40465,0.737083,0.328996,255,2378,2633,2615.164
124,125,2011-05-05,2,0,5,0,4,1,1,0.459167,0.441917,0.44416700000000003,0.295392,614,3819,4433,4326.470971416123
125,126,2011-05-06,2,0,5,0,5,1,1,0.479167,0.474117,0.59,0.228246,894,3714,4608,4613.466519572868
126,127,2011-05-07,2,0,5,0,6,0,1,0.52,0.512621,0.54125,0.16045,1612,3102,4714,4832.051934576165
127,128,2011-05-08,2,0,5,0,0,0,1,0.5283329999999999,0.518933,0.631667,0.0746375,1401,2932,4333,4524.539490508804
128,129,2011-05-09,2,0,5,0,1,1,1,0.5325,0.525246,0.58875,0.17600000000000002,664,3698,4362,4556.734859559412
129,130,2011-05-10,2,0,5,0,2,1,1,0.5325,0.522721,0.489167,0.11567100000000001,694,4109,4803,4773.291790793589
130,131,2011-05-11,2,0,5,0,3,1,1,0.5425,0.5284,0.632917,0.12064200000000001,550,3632,4182,4396.944890958872
131,132,2011-05-12,2,0,5,0,4,1,1,0.535,0.523363,0.7475,0.189667,695,4169,4864,4697.362701843309
132,133,2011-05-13,2,0,5,0,5,1,2,0.5125,0.4943,0.863333,0.179725,692,3413,4105,3941.4544604617604
133,134,2011-05-14,2,0,5,0,6,0,2,0.520833,0.500629,0.9225,0.13495,902,2507,3409,3420.5986666666663
134,135,2011-05-15,2,0,5,0,0,0,2,0.5625,0.536,0.867083,0.152979,1582,2971,4553,4323.2061063492065
135,136,2011-05-16,2,0,5,0,1,1,1,0.5775,0.550512,0.787917,0.126871,773,3185,3958,4477.5038796011195
136,137,2011-05-17,2,0,5,0,2,1,2,0.561667,0.538529,0.837917,0.277354,678,3445,4123,4020.7357541125543
137,138,2011-05-18,2,0,5,0,3,1,2,0.55,0.527158,0.87,0.201492,536,3319,3855,3911.045575396825
138,139,2011-05-19,2,0,5,0,4,1,2,0.530833,0.510742,0.829583,0.10821300000000002,735,3840,4575,4296.577801587301
139,140,2011-05-20,2,0,5,0,5,1,1,0.536667,0.529042,0.719583,0.125013,909,4008,4917,4784.645838167387
140,141,2011-05-21,2,0,5,0,6,0,1,0.6025,0.571975,0.626667,0.12065,2258,3547,5805,5416.29165030303
141,142,2011-05-22,2,0,5,0,0,0,1,0.604167,0.5745,0.749583,0.148008,1576,3084,4660,4623.380095917089
142,143,2011-05-23,2,0,5,0,1,1,2,0.631667,0.590296,0.81,0.233842,836,3438,4274,4253.404542757243
143,144,2011-05-24,2,0,5,0,2,1,2,0.66,0.604813,0.740833,0.207092,659,3833,4492,4383.152477073228
144,145,2011-05-25,2,0,5,0,3,1,1,0.660833,0.615542,0.69625,0.15423299999999998,740,4238,4978,4839.304418872504
145,146,2011-05-26,2,0,5,0,4,1,1,0.708333,0.654688,0.6775,0.19964200000000001,758,3919,4677,4626.030751701942
146,147,2011-05-27,2,0,5,0,5,1,1,0.681667,0.637008,0.65375,0.240679,871,3808,4679,4730.665998646676
147,148,2011-05-28,2,0,5,0,6,0,1,0.655833,0.612379,0.729583,0.23009200000000002,2001,2757,4758,4834.172347491399
148,149,2011-05-29,2,0,5,0,0,0,1,0.6675,0.61555,0.81875,0.21393800000000002,2355,2433,4788,4551.046804258782
149,150,2011-05-30,2,0,5,1,1,0,1,0.733333,0.671092,0.685,0.131225,1549,2549,4098,4303.79430162981
150,151,2011-05-31,2,0,5,0,2,1,1,0.775,0.725383,0.636667,0.111329,673,3309,3982,4182.878024155403
151,152,2011-06-01,2,0,6,0,3,1,2,0.764167,0.720967,0.677083,0.207092,513,3461,3974,4212.564790209791
152,153,2011-06-02,2,0,6,0,4,1,1,0.715,0.643942,0.305,0.29228699999999996,736,4232,4968,4923.699214814814
153,154,2011-06-03,2,0,6,0,5,1,1,0.62,0.587133,0.354167,0.253121,898,4414,5312,5184.371868148148
154,155,2011-06-04,2,0,6,0,6,0,1,0.635,0.594696,0.45625,0.123142,1869,3473,5342,5264.31535148148
155,156,2011-06-05,2,0,6,0,0,0,2,0.648333,0.616804,0.6525,0.138692,1685,3221,4906,4699.666158346883
156,157,2011-06-06,2,0,6,0,1,1,1,0.678333,0.621858,0.6,0.121896,673,3875,4548,4643.063150770104
157,158,2011-06-07,2,0,6,0,2,1,1,0.7075,0.65595,0.597917,0.187808,763,4070,4833,4699.109237169538
158,159,2011-06-08,2,0,6,0,3,1,1,0.775833,0.727279,0.6220829999999999,0.136817,676,3725,4401,4429.946715861908
159,160,2011-06-09,2,0,6,0,4,1,2,0.808333,0.757579,0.568333,0.149883,563,3352,3915,4084.4216989457996
160,161,2011-06-10,2,0,6,0,5,1,1,0.755,0.703292,0.605,0.14055399999999998,815,3771,4586,4635.836496108358
161,162,2011-06-11,2,0,6,0,6,0,1,0.725,0.678038,0.654583,0.15485,1729,3237,4966,4959.828283068784
162,163,2011-06-12,2,0,6,0,0,0,1,0.6925,0.643325,0.747917,0.16356700000000002,1467,2993,4460,4565.604877299315
163,164,2011-06-13,2,0,6,0,1,1,1,0.635,0.601654,0.494583,0.30535,863,4157,5020,4930.361935172736
164,165,2011-06-14,2,0,6,0,2,1,1,0.604167,0.591546,0.507083,0.269283,727,4164,4891,4909.470933473718
165,166,2011-06-15,2,0,6,0,3,1,1,0.626667,0.587754,0.471667,0.16791199999999998,769,4411,5180,5095.551309054408
166,167,2011-06-16,2,0,6,0,4,1,2,0.628333,0.595346,0.688333,0.20647100000000002,545,3222,3767,4013.7569002223
167,168,2011-06-17,2,0,6,0,5,1,1,0.649167,0.600383,0.735833,0.143029,863,3981,4844,4832.151579151504
168,169,2011-06-18,2,0,6,0,6,0,1,0.696667,0.643954,0.670417,0.11940799999999999,1807,3312,5119,5108.433066161617
169,170,2011-06-19,2,0,6,0,0,0,2,0.699167,0.645846,0.666667,0.102,1639,3105,4744,4688.058872921197
170,171,2011-06-20,2,0,6,0,1,1,2,0.635,0.595346,0.74625,0.155475,699,3311,4010,4222.432725457849
171,172,2011-06-21,3,0,6,0,2,1,2,0.680833,0.637646,0.770417,0.171025,774,4061,4835,4243.8031602175615
172,173,2011-06-22,3,0,6,0,3,1,1,0.733333,0.693829,0.7075,0.172262,661,3846,4507,4568.744969192352
173,174,2011-06-23,3,0,6,0,4,1,2,0.728333,0.693833,0.703333,0.238804,746,4044,4790,4517.205597408447
174,175,2011-06-24,3,0,6,0,5,1,1,0.724167,0.656583,0.573333,0.222025,969,4022,4991,4837.131335850099
175,176,2011-06-25,3,0,6,0,6,0,1,0.695,0.643313,0.483333,0.209571,1782,3420,5202,5171.783983492061
176,177,2011-06-26,3,0,6,0,0,0,1,0.68,0.637629,0.513333,0.09453330000000001,1920,3385,5305,5160.154769885246
177,178,2011-06-27,3,0,6,0,1,1,2,0.6825,0.637004,0.658333,0.10758800000000002,854,3854,4708,4634.551910200884
178,179,2011-06-28,3,0,6,0,2,1,1,0.744167,0.692558,0.634167,0.144283,732,3916,4648,4586.547538629142
179,180,2011-06-29,3,0,6,0,3,1,1,0.728333,0.654688,0.497917,0.261821,848,4377,5225,5101.799765048677
180,181,2011-06-30,3,0,6,0,4,1,1,0.696667,0.637008,0.434167,0.18531199999999998,1027,4488,5515,5017.99537821618
181,182,2011-07-01,3,0,7,0,5,1,1,0.7225,0.652162,0.39625,0.10260799999999999,1246,4116,5362,5261.266833333333
182,183,2011-07-02,3,0,7,0,6,0,1,0.738333,0.667308,0.444583,0.11506199999999998,2204,2915,5119,5118.99731111111
183,184,2011-07-03,3,0,7,0,0,0,2,0.716667,0.668575,0.6825,0.228858,2282,2367,4649,4440.863290476191
184,185,2011-07-04,3,0,7,1,1,0,2,0.726667,0.665417,0.637917,0.08147919999999999,3065,2978,6043,4571.641457703081
185,186,2011-07-05,3,0,7,0,2,1,1,0.746667,0.696338,0.590417,0.12625799999999998,1031,3634,4665,4625.802754384026
186,187,2011-07-06,3,0,7,0,3,1,1,0.72,0.685633,0.743333,0.149883,784,3845,4629,4660.334779654687
187,188,2011-07-07,3,0,7,0,4,1,1,0.75,0.686871,0.65125,0.1592,754,3838,4592,4600.509011705445
188,189,2011-07-08,3,0,7,0,5,1,2,0.709167,0.6704829999999999,0.757917,0.225129,692,3348,4040,4152.277150937951
189,190,2011-07-09,3,0,7,0,6,0,1,0.733333,0.664158,0.609167,0.16791199999999998,1988,3348,5336,5152.296700016281
190,191,2011-07-10,3,0,7,0,0,0,1,0.7475,0.690025,0.578333,0.183471,1743,3138,4881,4751.300742438546
191,192,2011-07-11,3,0,7,0,1,1,1,0.7625,0.729804,0.635833,0.282337,723,3363,4086,4286.0383235947065
192,193,2011-07-12,3,0,7,0,2,1,1,0.794167,0.739275,0.559167,0.200254,662,3596,4258,4408.658320384592
193,194,2011-07-13,3,0,7,0,3,1,1,0.746667,0.689404,0.631667,0.14613299999999999,748,3594,4342,4482.562077175111
194,195,2011-07-14,3,0,7,0,4,1,1,0.680833,0.635104,0.47625,0.24066700000000002,888,4196,5084,5054.318528920654
195,196,2011-07-15,3,0,7,0,5,1,1,0.663333,0.624371,0.59125,0.182833,1318,4220,5538,5295.141129763437
196,197,2011-07-16,3,0,7,0,6,0,1,0.686667,0.638263,0.585,0.208342,2418,3505,5923,5513.575482087912
197,198,2011-07-17,3,0,7,0,0,0,1,0.719167,0.669833,0.604167,0.245033,2006,3296,5302,4996.225101824479
198,199,2011-07-18,3,0,7,0,1,1,1,0.746667,0.703925,0.65125,0.215804,841,3617,4458,4457.543452879778
199,200,2011-07-19,3,0,7,0,2,1,1,0.776667,0.747479,0.650417,0.1306,752,3789,4541,4474.925074133083
200,201,2011-07-20,3,0,7,0,3,1,1,0.768333,0.74685,0.707083,0.113817,644,3688,4332,4424.261785364298
201,202,2011-07-21,3,0,7,0,4,1,2,0.815,0.826371,0.69125,0.222021,632,3152,3784,4206.394188916939
202,203,2011-07-22,3,0,7,0,5,1,1,0.848333,0.8408959999999999,0.580417,0.1331,562,2825,3387,3686.1314190476196
203,204,2011-07-23,3,0,7,0,6,0,1,0.849167,0.804287,0.5,0.131221,987,2298,3285,3783.5143333333335
204,205,2011-07-24,3,0,7,0,0,0,1,0.83,0.794829,0.550833,0.16917100000000002,1050,2556,3606,4076.6100129004326
205,206,2011-07-25,3,0,7,0,1,1,1,0.743333,0.720958,0.757083,0.09080830000000001,568,3272,3840,4133.897048435191
206,207,2011-07-26,3,0,7,0,2,1,1,0.771667,0.696979,0.540833,0.200258,750,3840,4590,4595.559089814198
207,208,2011-07-27,3,0,7,0,3,1,1,0.775,0.690667,0.402917,0.18346300000000001,755,3901,4656,4715.859436713032
208,209,2011-07-28,3,0,7,0,4,1,1,0.779167,0.7399,0.583333,0.178479,606,3784,4390,4477.8392745192095
209,210,2011-07-29,3,0,7,0,5,1,1,0.838333,0.785967,0.5425,0.17413800000000001,670,3176,3846,4019.225777922078
210,211,2011-07-30,3,0,7,0,6,0,1,0.804167,0.728537,0.465833,0.168537,1559,2916,4475,4516.022836912107
211,212,2011-07-31,3,0,7,0,0,0,1,0.805833,0.729796,0.480833,0.16481300000000002,1524,2778,4302,4436.602753309909
212,213,2011-08-01,3,0,8,0,1,1,1,0.771667,0.703292,0.550833,0.156717,729,3537,4266,4437.578524615173
213,214,2011-08-02,3,0,8,0,2,1,1,0.783333,0.707071,0.49125,0.20585,801,4044,4845,4773.355712408707
214,215,2011-08-03,3,0,8,0,3,1,2,0.731667,0.679937,0.6575,0.13558299999999998,467,3107,3574,3977.8200278107515
215,216,2011-08-04,3,0,8,0,4,1,2,0.71,0.664788,0.7575,0.19715,799,3777,4576,4430.006806598956
216,217,2011-08-05,3,0,8,0,5,1,1,0.710833,0.656567,0.630833,0.184696,1023,3843,4866,4748.534831578768
217,218,2011-08-06,3,0,8,0,6,0,2,0.716667,0.676154,0.755,0.22825,1521,2773,4294,4326.4080539682545
218,219,2011-08-07,3,0,8,0,0,0,1,0.7425,0.715292,0.7529170000000001,0.201487,1298,2487,3785,4499.6088358200295
219,220,2011-08-08,3,0,8,0,1,1,1,0.765,0.703283,0.592083,0.192175,846,3480,4326,4424.601185183879
220,221,2011-08-09,3,0,8,0,2,1,1,0.775,0.724121,0.570417,0.151121,907,3695,4602,4562.831308862053
221,222,2011-08-10,3,0,8,0,3,1,1,0.766667,0.684983,0.424167,0.200258,884,3896,4780,4746.282972529671
222,223,2011-08-11,3,0,8,0,4,1,1,0.7175,0.651521,0.42375,0.164796,812,3980,4792,4849.693878169877
223,224,2011-08-12,3,0,8,0,5,1,1,0.708333,0.654042,0.415,0.125621,1051,3854,4905,4959.709530269361
224,225,2011-08-13,3,0,8,0,6,0,2,0.685833,0.645858,0.729583,0.211454,1504,2646,4150,4230.94986046176
225,226,2011-08-14,3,0,8,0,0,0,2,0.676667,0.624388,0.8175,0.222633,1338,2482,3820,4175.021641414141
226,227,2011-08-15,3,0,8,0,1,1,1,0.665833,0.616167,0.712083,0.208954,775,3563,4338,4486.78722744588
227,228,2011-08-16,3,0,8,0,2,1,1,0.700833,0.645837,0.578333,0.23632899999999998,721,4004,4725,4747.364031967712
228,229,2011-08-17,3,0,8,0,3,1,1,0.723333,0.666671,0.575417,0.14366700000000002,668,4026,4694,4730.662414091447
229,230,2011-08-18,3,0,8,0,4,1,1,0.711667,0.662258,0.654583,0.233208,639,3166,3805,4160.909168243327
230,231,2011-08-19,3,0,8,0,5,1,2,0.685,0.633221,0.722917,0.139308,797,3356,4153,4305.323870057393
231,232,2011-08-20,3,0,8,0,6,0,1,0.6975,0.648996,0.674167,0.104467,1914,3277,5191,5169.318845221445
232,233,2011-08-21,3,0,8,0,0,0,1,0.710833,0.675525,0.77,0.248754,1249,2624,3873,4076.5433246229213
233,234,2011-08-22,3,0,8,0,1,1,1,0.691667,0.638254,0.47,0.27675,833,3925,4758,4977.896020258565
234,235,2011-08-23,3,0,8,0,2,1,1,0.640833,0.606067,0.455417,0.146763,1281,4614,5895,5521.587517850699
235,236,2011-08-24,3,0,8,0,3,1,1,0.673333,0.630692,0.605,0.253108,949,4181,5130,4975.264774782867
236,237,2011-08-25,3,0,8,0,4,1,2,0.684167,0.645854,0.771667,0.210833,435,3107,3542,3827.2154271284267
237,238,2011-08-26,3,0,8,0,5,1,1,0.7,0.659733,0.76125,0.0839625,768,3893,4661,4692.197788694639
238,239,2011-08-27,3,0,8,0,6,0,2,0.68,0.635556,0.85,0.37561700000000003,226,889,1115,2159.1872857142853
239,240,2011-08-28,3,0,8,0,0,0,1,0.707059,0.6479590000000001,0.561765,0.304659,1415,2919,4334,4539.63747901735
240,241,2011-08-29,3,0,8,0,1,1,1,0.636667,0.607958,0.554583,0.159825,729,3905,4634,4866.296079806851
241,242,2011-08-30,3,0,8,0,2,1,1,0.639167,0.594704,0.548333,0.12500799999999998,775,4429,5204,5081.120236107504
242,243,2011-08-31,3,0,8,0,3,1,1,0.656667,0.611121,0.597917,0.08333330000000001,688,4370,5058,5039.251119562727
243,244,2011-09-01,3,0,9,0,4,1,1,0.655,0.614921,0.639167,0.141796,783,4332,5115,4969.489563313749
244,245,2011-09-02,3,0,9,0,5,1,2,0.643333,0.604808,0.727083,0.139929,875,3852,4727,4589.176303263076
245,246,2011-09-03,3,0,9,0,6,0,1,0.669167,0.633213,0.716667,0.185325,1935,2549,4484,4694.818742692493
246,247,2011-09-04,3,0,9,0,0,0,1,0.709167,0.665429,0.742083,0.206467,2521,2419,4940,4771.178497124965
247,248,2011-09-05,3,0,9,1,1,0,2,0.673333,0.625646,0.790417,0.212696,1236,2115,3351,4309.666914185815
248,249,2011-09-06,3,0,9,0,2,1,3,0.54,0.5152,0.886957,0.343943,204,2506,2710,2517.8104
249,250,2011-09-07,3,0,9,0,3,1,3,0.599167,0.544229,0.917083,0.0970208,118,1878,1996,2400.564
250,251,2011-09-08,3,0,9,0,4,1,3,0.6339130000000001,0.555361,0.939565,0.192748,153,1689,1842,2198.674
251,252,2011-09-09,3,0,9,0,5,1,2,0.65,0.578946,0.897917,0.12437899999999999,417,3127,3544,3744.2891777777777
252,253,2011-09-10,3,0,9,0,6,0,1,0.66,0.607962,0.75375,0.153608,1750,3595,5345,5109.252923909423
253,254,2011-09-11,3,0,9,0,0,0,1,0.6533329999999999,0.609229,0.71375,0.11505399999999999,1633,3413,5046,4953.851817758977
254,255,2011-09-12,3,0,9,0,1,1,1,0.6443479999999999,0.60213,0.692174,0.088913,690,4023,4713,4780.339309167868
255,256,2011-09-13,3,0,9,0,2,1,1,0.650833,0.603554,0.7125,0.14180399999999999,701,4062,4763,4784.092606935245
256,257,2011-09-14,3,0,9,0,3,1,1,0.673333,0.6269,0.697083,0.1673,647,4138,4785,4749.17371025069
257,258,2011-09-15,3,0,9,0,4,1,2,0.5775,0.553671,0.709167,0.271146,428,3231,3659,3845.6157220779232
258,259,2011-09-16,3,0,9,0,5,1,2,0.469167,0.461475,0.590417,0.164183,742,4018,4760,4486.060372727273
259,260,2011-09-17,3,0,9,0,6,0,2,0.491667,0.478512,0.718333,0.189675,1434,3077,4511,4399.627091269841
260,261,2011-09-18,3,0,9,0,0,0,1,0.5075,0.490537,0.695,0.178483,1353,2921,4274,4392.016530575346
261,262,2011-09-19,3,0,9,0,1,1,2,0.549167,0.529675,0.69,0.15174200000000002,691,3848,4539,4513.197734160258
262,263,2011-09-20,3,0,9,0,2,1,2,0.561667,0.532217,0.88125,0.134954,438,3203,3641,3870.810661111111
263,264,2011-09-21,3,0,9,0,3,1,2,0.595,0.5505329999999999,0.9,0.0964042,539,3813,4352,4218.240616161616
264,265,2011-09-22,3,0,9,0,4,1,2,0.628333,0.554963,0.902083,0.128125,555,4240,4795,4451.398444444445
265,266,2011-09-23,4,0,9,0,5,1,2,0.609167,0.522125,0.9725,0.0783667,258,2137,2395,3841.459733333333
266,267,2011-09-24,4,0,9,0,6,0,2,0.606667,0.564412,0.8625,0.0783833,1776,3647,5423,4205.405066666666
267,268,2011-09-25,4,0,9,0,0,0,2,0.634167,0.572637,0.845,0.0503792,1544,3466,5010,4510.466
268,269,2011-09-26,4,0,9,0,1,1,2,0.649167,0.589042,0.848333,0.1107,684,3946,4630,4477.65919047619
269,270,2011-09-27,4,0,9,0,2,1,2,0.636667,0.574525,0.885417,0.118171,477,3643,4120,4006.528
270,271,2011-09-28,4,0,9,0,3,1,2,0.635,0.575158,0.84875,0.14862899999999998,480,3427,3907,3937.644350815851
271,272,2011-09-29,4,0,9,0,4,1,1,0.616667,0.574512,0.699167,0.17288299999999998,653,4186,4839,4830.764458857395
272,273,2011-09-30,4,0,9,0,5,1,1,0.564167,0.544829,0.6475,0.206475,830,4372,5202,5023.813382727667
273,274,2011-10-01,4,0,10,0,6,0,2,0.41,0.41286300000000004,0.75375,0.292296,480,1949,2429,2698.304
274,275,2011-10-02,4,0,10,0,0,0,2,0.356667,0.345317,0.791667,0.22201300000000002,616,2302,2918,3134.55
275,276,2011-10-03,4,0,10,0,1,1,2,0.384167,0.392046,0.760833,0.08334580000000001,330,3240,3570,3663.0999714285713
276,277,2011-10-04,4,0,10,0,2,1,1,0.484167,0.472858,0.71,0.205854,486,3970,4456,4445.641630879305
277,278,2011-10-05,4,0,10,0,3,1,1,0.538333,0.527138,0.647917,0.17725,559,4267,4826,4778.853160573053
278,279,2011-10-06,4,0,10,0,4,1,1,0.494167,0.480425,0.620833,0.134954,639,4126,4765,4612.894253763123
279,280,2011-10-07,4,0,10,0,5,1,1,0.510833,0.504404,0.684167,0.0223917,949,4036,4985,5032.626405411255
280,281,2011-10-08,4,0,10,0,6,0,1,0.521667,0.513242,0.70125,0.0454042,2235,3174,5409,5318.449552380953
281,282,2011-10-09,4,0,10,0,0,0,1,0.540833,0.523983,0.7275,0.06345,2397,3114,5511,5290.771428026812
282,283,2011-10-10,4,0,10,1,1,0,1,0.570833,0.542925,0.73375,0.0423042,1514,3603,5117,5101.528003640088
283,284,2011-10-11,4,0,10,0,2,1,2,0.566667,0.546096,0.80875,0.143042,667,3896,4563,4352.290492973693
284,285,2011-10-12,4,0,10,0,3,1,3,0.543333,0.517717,0.90625,0.24815,217,2199,2416,2483.822
285,286,2011-10-13,4,0,10,0,4,1,2,0.589167,0.551804,0.896667,0.141787,290,2623,2913,3312.655111111111
286,287,2011-10-14,4,0,10,0,5,1,2,0.550833,0.529675,0.71625,0.223883,529,3115,3644,3908.721315873016
287,288,2011-10-15,4,0,10,0,6,0,1,0.506667,0.498725,0.483333,0.258083,1899,3318,5217,5155.484719047619
288,289,2011-10-16,4,0,10,0,0,0,1,0.511667,0.503154,0.486667,0.281717,1748,3293,5041,4927.7239388888875
289,290,2011-10-17,4,0,10,0,1,1,1,0.5341670000000001,0.510725,0.579583,0.175379,713,3857,4570,4703.506141566717
290,291,2011-10-18,4,0,10,0,2,1,2,0.5325,0.522721,0.701667,0.11008699999999999,637,4111,4748,4663.7219841661345
291,292,2011-10-19,4,0,10,0,3,1,3,0.5417390000000001,0.513848,0.895217,0.243339,254,2170,2424,2725.724
292,293,2011-10-20,4,0,10,0,4,1,1,0.475833,0.466525,0.63625,0.422275,471,3724,4195,4337.6469692030205
293,294,2011-10-21,4,0,10,0,5,1,1,0.4275,0.42359600000000003,0.574167,0.221396,676,3628,4304,3598.1876557109563
294,295,2011-10-22,4,0,10,0,6,0,1,0.4225,0.425492,0.629167,0.09266669999999999,1499,2809,4308,4004.0366666666664
295,296,2011-10-23,4,0,10,0,0,0,1,0.421667,0.422333,0.74125,0.0995125,1619,2762,4381,3678.1200619047613
296,297,2011-10-24,4,0,10,0,1,1,1,0.463333,0.457067,0.772083,0.11879200000000001,699,3488,4187,4056.1000063492065
297,298,2011-10-25,4,0,10,0,2,1,1,0.471667,0.463375,0.622917,0.166658,695,3992,4687,4490.30140105124
298,299,2011-10-26,4,0,10,0,3,1,2,0.484167,0.472846,0.720417,0.148642,404,3490,3894,4208.730596425798
299,300,2011-10-27,4,0,10,0,4,1,2,0.47,0.457046,0.812917,0.19776300000000002,240,2419,2659,3138.6995
300,301,2011-10-28,4,0,10,0,5,1,2,0.330833,0.318812,0.585833,0.229479,456,3291,3747,3412.6186666666663
301,302,2011-10-29,4,0,10,0,6,0,3,0.25416700000000003,0.227913,0.8825,0.351371,57,570,627,1069.278
302,303,2011-10-30,4,0,10,0,0,0,1,0.31916700000000003,0.321329,0.62375,0.176617,885,2446,3331,3291.0143
303,304,2011-10-31,4,0,10,0,1,1,1,0.34,0.356063,0.703333,0.10635,362,3307,3669,3576.8046666666664
304,305,2011-11-01,4,0,11,0,2,1,1,0.400833,0.397088,0.68375,0.135571,410,3658,4068,3785.5432
305,306,2011-11-02,4,0,11,0,3,1,1,0.3775,0.390133,0.71875,0.08209169999999999,370,3816,4186,4039.7135714285714
306,307,2011-11-03,4,0,11,0,4,1,1,0.408333,0.405921,0.702083,0.136817,318,3656,3974,3846.901
307,308,2011-11-04,4,0,11,0,5,1,2,0.403333,0.40339200000000003,0.6225,0.271779,470,3576,4046,3388.7573333333335
308,309,2011-11-05,4,0,11,0,6,0,1,0.326667,0.323854,0.519167,0.18906199999999998,1156,2770,3926,3520.672
309,310,2011-11-06,4,0,11,0,0,0,1,0.348333,0.362358,0.734583,0.09205419999999999,952,2697,3649,3688.0063047619046
310,311,2011-11-07,4,0,11,0,1,1,1,0.395,0.400871,0.75875,0.057225,373,3662,4035,3998.2760666666663
311,312,2011-11-08,4,0,11,0,2,1,1,0.408333,0.412246,0.7216670000000001,0.0690375,376,3829,4205,4117.49
312,313,2011-11-09,4,0,11,0,3,1,1,0.4,0.40907899999999997,0.758333,0.06219580000000001,305,3804,4109,4069.673333333333
313,314,2011-11-10,4,0,11,0,4,1,2,0.38,0.373721,0.813333,0.189067,190,2743,2933,2997.314
314,315,2011-11-11,4,0,11,1,5,0,1,0.324167,0.306817,0.44625,0.314675,440,2928,3368,3485.335
315,316,2011-11-12,4,0,11,0,6,0,1,0.356667,0.357942,0.552917,0.212062,1275,2792,4067,3679.8112
316,317,2011-11-13,4,0,11,0,0,0,1,0.440833,0.43055,0.458333,0.281721,1004,2713,3717,3682.05
317,318,2011-11-14,4,0,11,0,1,1,1,0.53,0.524612,0.587083,0.306596,595,3891,4486,4439.362212248861
318,319,2011-11-15,4,0,11,0,2,1,2,0.53,0.507579,0.68875,0.199633,449,3746,4195,4219.133469696971
319,320,2011-11-16,4,0,11,0,3,1,3,0.456667,0.451988,0.93,0.136829,145,1672,1817,2543.96
320,321,2011-11-17,4,0,11,0,4,1,2,0.341667,0.323221,0.575833,0.30536199999999997,139,2914,3053,3157.873
321,322,2011-11-18,4,0,11,0,5,1,1,0.274167,0.272721,0.41,0.168533,245,3147,3392,3219.3488666666667
322,323,2011-11-19,4,0,11,0,6,0,1,0.329167,0.32448299999999997,0.502083,0.224496,943,2720,3663,3407.9292
323,324,2011-11-20,4,0,11,0,0,0,2,0.463333,0.457058,0.6845829999999999,0.18595,787,2733,3520,3716.8476666666666
324,325,2011-11-21,4,0,11,0,1,1,3,0.4475,0.445062,0.91,0.138054,220,2545,2765,2630.386
325,326,2011-11-22,4,0,11,0,2,1,3,0.416667,0.421696,0.9625,0.11879200000000001,69,1538,1607,1877.97
326,327,2011-11-23,4,0,11,0,3,1,2,0.440833,0.430537,0.757917,0.335825,112,2454,2566,2827.9126666666666
327,328,2011-11-24,4,0,11,1,4,0,1,0.37333299999999997,0.372471,0.549167,0.167304,560,935,1495,2115.2642
328,329,2011-11-25,4,0,11,0,5,1,1,0.375,0.380671,0.64375,0.0988958,1095,1697,2792,3007.59
329,330,2011-11-26,4,0,11,0,6,0,1,0.375833,0.385087,0.681667,0.0684208,1249,1819,3068,3181.066
330,331,2011-11-27,4,0,11,0,0,0,1,0.459167,0.4558,0.698333,0.208954,810,2261,3071,3398.0402333333327
331,332,2011-11-28,4,0,11,0,1,1,1,0.503478,0.490122,0.743043,0.142122,253,3614,3867,4109.891247619048
332,333,2011-11-29,4,0,11,0,2,1,2,0.458333,0.451375,0.830833,0.258092,96,2818,2914,3090.404
333,334,2011-11-30,4,0,11,0,3,1,1,0.325,0.311221,0.613333,0.271158,188,3425,3613,3093.561466666667
334,335,2011-12-01,4,0,12,0,4,1,1,0.3125,0.305554,0.524583,0.220158,182,3545,3727,3394.704
335,336,2011-12-02,4,0,12,0,5,1,1,0.31416700000000003,0.331433,0.625833,0.100754,268,3672,3940,3787.5237714285718
336,337,2011-12-03,4,0,12,0,6,0,1,0.299167,0.310604,0.612917,0.0957833,706,2908,3614,3648.211104761905
337,338,2011-12-04,4,0,12,0,0,0,1,0.330833,0.3491,0.775833,0.08395830000000001,634,2851,3485,3573.4718
338,339,2011-12-05,4,0,12,0,1,1,2,0.385833,0.393925,0.827083,0.06220830000000001,233,3578,3811,3717.9157333333333
339,340,2011-12-06,4,0,12,0,2,1,3,0.4625,0.4564,0.949583,0.23258299999999998,126,2468,2594,2436.96
340,341,2011-12-07,4,0,12,0,3,1,3,0.41,0.400246,0.970417,0.266175,50,655,705,1377.608
341,342,2011-12-08,4,0,12,0,4,1,1,0.265833,0.256938,0.58,0.240058,150,3172,3322,3098.3062
342,343,2011-12-09,4,0,12,0,5,1,1,0.290833,0.317542,0.695833,0.08271669999999999,261,3359,3620,3673.9112380952383
343,344,2011-12-10,4,0,12,0,6,0,1,0.275,0.266412,0.5075,0.233221,502,2688,3190,3208.406
344,345,2011-12-11,4,0,12,0,0,0,1,0.220833,0.253154,0.49,0.0665417,377,2366,2743,2886.078
345,346,2011-12-12,4,0,12,0,1,1,1,0.238333,0.270196,0.670833,0.06345,143,3167,3310,3116.544
346,347,2011-12-13,4,0,12,0,2,1,1,0.2825,0.301138,0.59,0.14055,155,3368,3523,3453.9591714285716
347,348,2011-12-14,4,0,12,0,3,1,2,0.3175,0.338362,0.66375,0.06095830000000001,178,3562,3740,3677.103071428571
348,349,2011-12-15,4,0,12,0,4,1,2,0.4225,0.41223699999999996,0.634167,0.268042,181,3528,3709,3486.3605
349,350,2011-12-16,4,0,12,0,5,1,2,0.375,0.359825,0.500417,0.260575,178,3399,3577,3276.7035
350,351,2011-12-17,4,0,12,0,6,0,2,0.258333,0.249371,0.560833,0.243167,275,2464,2739,2878.0665
351,352,2011-12-18,4,0,12,0,0,0,1,0.238333,0.245579,0.58625,0.16977899999999999,220,2211,2431,2648.316
352,353,2011-12-19,4,0,12,0,1,1,1,0.276667,0.280933,0.6375,0.172896,260,3143,3403,3303.890838095238
353,354,2011-12-20,4,0,12,0,2,1,2,0.385833,0.396454,0.595417,0.06157080000000001,216,3534,3750,3668.4627380952384
354,355,2011-12-21,1,0,12,0,3,1,2,0.428333,0.428017,0.858333,0.2214,107,2553,2660,2579.32
355,356,2011-12-22,1,0,12,0,4,1,2,0.423333,0.426121,0.7575,0.047275,227,2841,3068,2977.6806666666666
356,357,2011-12-23,1,0,12,0,5,1,1,0.37333299999999997,0.377513,0.68625,0.274246,163,2046,2209,2188.0346
357,358,2011-12-24,1,0,12,0,6,0,1,0.3025,0.299242,0.5425,0.190304,155,856,1011,1409.48
358,359,2011-12-25,1,0,12,0,0,0,1,0.274783,0.279961,0.681304,0.155091,303,451,754,1246.996
359,360,2011-12-26,1,0,12,1,1,0,1,0.321739,0.315535,0.506957,0.239465,430,887,1317,1557.1
360,361,2011-12-27,1,0,12,0,2,1,2,0.325,0.327633,0.7625,0.18845,103,1059,1162,1478.19
361,362,2011-12-28,1,0,12,0,3,1,1,0.29913,0.279974,0.503913,0.29396100000000003,255,2047,2302,1766.35
362,363,2011-12-29,1,0,12,0,4,1,1,0.248333,0.263892,0.574167,0.11941199999999999,254,2169,2423,2199.904
363,364,2011-12-30,1,0,12,0,5,1,1,0.311667,0.318812,0.636667,0.13433699999999998,491,2508,2999,2198.876
364,365,2011-12-31,1,0,12,0,6,0,1,0.41,0.414121,0.615833,0.220154,665,1820,2485,2393.54
365,366,2012-01-01,1,1,1,0,0,0,1,0.37,0.375621,0.6925,0.192167,686,1608,2294,2858.246
366,367,2012-01-02,1,1,1,1,1,0,1,0.273043,0.252304,0.381304,0.329665,244,1707,1951,2418.066
367,368,2012-01-03,1,1,1,0,2,1,1,0.15,0.126275,0.44125,0.365671,89,2147,2236,2412.278
368,369,2012-01-04,1,1,1,0,3,1,2,0.1075,0.11933699999999998,0.414583,0.1847,95,2273,2368,2634.66
369,370,2012-01-05,1,1,1,0,4,1,1,0.265833,0.278412,0.524167,0.129987,140,3132,3272,3256.9625
370,371,2012-01-06,1,1,1,0,5,1,1,0.334167,0.340267,0.542083,0.167908,307,3791,4098,4069.0335
371,372,2012-01-07,1,1,1,0,6,0,1,0.393333,0.390779,0.531667,0.174758,1070,3451,4521,4365.402
372,373,2012-01-08,1,1,1,0,0,0,1,0.3375,0.340258,0.465,0.19154200000000002,599,2826,3425,3464.463
373,374,2012-01-09,1,1,1,0,1,1,2,0.224167,0.247479,0.701667,0.0989,106,2270,2376,2457.564
374,375,2012-01-10,1,1,1,0,2,1,1,0.308696,0.318826,0.646522,0.187552,173,3425,3598,3630.5195
375,376,2012-01-11,1,1,1,0,3,1,2,0.274167,0.282821,0.8475,0.131221,92,2085,2177,2441.57
376,377,2012-01-12,1,1,1,0,4,1,2,0.3825,0.381938,0.802917,0.18096700000000002,269,3828,4097,3814.4393333333337
377,378,2012-01-13,1,1,1,0,5,1,1,0.274167,0.249362,0.5075,0.378108,174,3040,3214,3120.978
378,379,2012-01-14,1,1,1,0,6,0,1,0.18,0.183087,0.4575,0.187183,333,2160,2493,2619.928
379,380,2012-01-15,1,1,1,0,0,0,1,0.166667,0.161625,0.419167,0.251258,284,2027,2311,2446.198
380,381,2012-01-16,1,1,1,1,1,0,1,0.19,0.190663,0.5225,0.23135799999999998,217,2081,2298,2557.142
381,382,2012-01-17,1,1,1,0,2,1,2,0.37304299999999996,0.36427800000000005,0.716087,0.34913,127,2808,2935,3302.712
382,383,2012-01-18,1,1,1,0,3,1,1,0.303333,0.275254,0.443333,0.415429,109,3267,3376,3491.413333333333
383,384,2012-01-19,1,1,1,0,4,1,1,0.19,0.190038,0.4975,0.220158,130,3162,3292,3117.988
384,385,2012-01-20,1,1,1,0,5,1,2,0.2175,0.220958,0.45,0.20275,115,3048,3163,3032.004
385,386,2012-01-21,1,1,1,0,6,0,2,0.173333,0.174875,0.83125,0.222642,67,1234,1301,1695.736
386,387,2012-01-22,1,1,1,0,0,0,2,0.1625,0.16225,0.79625,0.199638,196,1781,1977,2053.59
387,388,2012-01-23,1,1,1,0,1,1,2,0.218333,0.243058,0.91125,0.11070799999999999,145,2287,2432,2316.44
388,389,2012-01-24,1,1,1,0,2,1,1,0.3425,0.349108,0.835833,0.123767,439,3900,4339,3896.812
389,390,2012-01-25,1,1,1,0,3,1,1,0.294167,0.294821,0.64375,0.161071,467,3803,4270,4041.805
390,391,2012-01-26,1,1,1,0,4,1,2,0.341667,0.35605,0.769583,0.07339580000000001,244,3831,4075,3727.272
391,392,2012-01-27,1,1,1,0,5,1,2,0.425,0.415383,0.74125,0.342667,269,3187,3456,3683.754
392,393,2012-01-28,1,1,1,0,6,0,1,0.315833,0.326379,0.543333,0.210829,775,3248,4023,3895.294
393,394,2012-01-29,1,1,1,0,0,0,1,0.2825,0.272721,0.31125,0.24005,558,2685,3243,3313.621
394,395,2012-01-30,1,1,1,0,1,1,1,0.269167,0.262625,0.400833,0.215792,126,3498,3624,3459.629
395,396,2012-01-31,1,1,1,0,2,1,1,0.39,0.381317,0.416667,0.261817,324,4185,4509,4333.2495
396,397,2012-02-01,1,1,2,0,3,1,1,0.469167,0.466538,0.507917,0.189067,304,4275,4579,4707.188
397,398,2012-02-02,1,1,2,0,4,1,2,0.399167,0.398971,0.672917,0.187187,190,3571,3761,3728.6392
398,399,2012-02-03,1,1,2,0,5,1,1,0.313333,0.309346,0.526667,0.17849600000000002,310,3841,4151,4020.6852380952378
399,400,2012-02-04,1,1,2,0,6,0,2,0.264167,0.272725,0.779583,0.121896,384,2448,2832,2807.968
400,401,2012-02-05,1,1,2,0,0,0,2,0.265833,0.264521,0.687917,0.175996,318,2629,2947,2728.774
401,402,2012-02-06,1,1,2,0,1,1,1,0.282609,0.296426,0.622174,0.1538,206,3578,3784,3668.4151000000006
402,403,2012-02-07,1,1,2,0,2,1,1,0.354167,0.361104,0.49625,0.147379,199,4176,4375,4243.858666666667
403,404,2012-02-08,1,1,2,0,3,1,2,0.25666700000000003,0.266421,0.722917,0.133721,109,2693,2802,2751.978
404,405,2012-02-09,1,1,2,0,4,1,1,0.265,0.261988,0.562083,0.194037,163,3667,3830,3674.1187666666665
405,406,2012-02-10,1,1,2,0,5,1,2,0.280833,0.293558,0.54,0.11692899999999999,227,3604,3831,3615.853666666667
406,407,2012-02-11,1,1,2,0,6,0,3,0.224167,0.210867,0.73125,0.289796,192,1977,2169,2307.932
407,408,2012-02-12,1,1,2,0,0,0,1,0.1275,0.101658,0.46458299999999997,0.40921199999999996,73,1456,1529,2093.412
408,409,2012-02-13,1,1,2,0,1,1,1,0.2225,0.227913,0.41125,0.167283,94,3328,3422,3227.084
409,410,2012-02-14,1,1,2,0,2,1,2,0.31916700000000003,0.333946,0.50875,0.141179,135,3787,3922,3756.2832000000003
410,411,2012-02-15,1,1,2,0,3,1,1,0.348333,0.35162899999999997,0.53125,0.1816,141,4028,4169,4143.398838095238
411,412,2012-02-16,1,1,2,0,4,1,2,0.31666700000000003,0.330162,0.7529170000000001,0.091425,74,2931,3005,3243.194
412,413,2012-02-17,1,1,2,0,5,1,1,0.343333,0.35162899999999997,0.634583,0.205846,349,3805,4154,4064.008271428571
413,414,2012-02-18,1,1,2,0,6,0,1,0.346667,0.355425,0.534583,0.190929,1435,2883,4318,4075.133271428571
414,415,2012-02-19,1,1,2,0,0,0,2,0.28,0.265788,0.515833,0.253112,618,2071,2689,2844.972
415,416,2012-02-20,1,1,2,1,1,0,1,0.28,0.273391,0.507826,0.22908299999999998,502,2627,3129,3182.766666666667
416,417,2012-02-21,1,1,2,0,2,1,1,0.287826,0.295113,0.594348,0.205717,163,3614,3777,3749.2623000000003
417,418,2012-02-22,1,1,2,0,3,1,1,0.395833,0.392667,0.567917,0.234471,394,4379,4773,4554.3072
418,419,2012-02-23,1,1,2,0,4,1,1,0.454167,0.444446,0.554583,0.190913,516,4546,5062,5010.008
419,420,2012-02-24,1,1,2,0,5,1,2,0.4075,0.41097100000000003,0.7375,0.237567,246,3241,3487,3574.216
420,421,2012-02-25,1,1,2,0,6,0,1,0.290833,0.255675,0.395833,0.421642,317,2415,2732,3528.444
421,422,2012-02-26,1,1,2,0,0,0,1,0.279167,0.268308,0.41,0.205229,515,2874,3389,3290.242
422,423,2012-02-27,1,1,2,0,1,1,1,0.366667,0.357954,0.490833,0.26803299999999997,253,4069,4322,4158.248
423,424,2012-02-28,1,1,2,0,2,1,1,0.359167,0.353525,0.395833,0.193417,229,4134,4363,4096.804700000001
424,425,2012-02-29,1,1,2,0,3,1,2,0.344348,0.34847,0.804783,0.179117,65,1769,1834,2499.4
425,426,2012-03-01,1,1,3,0,4,1,1,0.485833,0.475371,0.615417,0.226987,325,4665,4990,5075.786
426,427,2012-03-02,1,1,3,0,5,1,2,0.353333,0.359842,0.657083,0.144904,246,2948,3194,4096.856
427,428,2012-03-03,1,1,3,0,6,0,2,0.414167,0.413492,0.62125,0.161079,956,3110,4066,4226.650571428571
428,429,2012-03-04,1,1,3,0,0,0,1,0.325833,0.303021,0.403333,0.334571,710,2713,3423,3795.516
429,430,2012-03-05,1,1,3,0,1,1,1,0.243333,0.241171,0.50625,0.228858,203,3130,3333,3333.976
430,431,2012-03-06,1,1,3,0,2,1,1,0.258333,0.255042,0.456667,0.200875,221,3735,3956,3739.894
431,432,2012-03-07,1,1,3,0,3,1,1,0.404167,0.3851,0.513333,0.345779,432,4484,4916,4641.574
432,433,2012-03-08,1,1,3,0,4,1,1,0.5275,0.524604,0.5675,0.441563,486,4896,5382,5510.2807999999995
433,434,2012-03-09,1,1,3,0,5,1,2,0.410833,0.397083,0.407083,0.4148,447,4122,4569,4438.848
434,435,2012-03-10,1,1,3,0,6,0,1,0.2875,0.277767,0.35041700000000003,0.22575,968,3150,4118,3974.431
435,436,2012-03-11,1,1,3,0,0,0,1,0.361739,0.35967,0.47695699999999996,0.22258699999999998,1658,3253,4911,4530.414
436,437,2012-03-12,1,1,3,0,1,1,1,0.466667,0.459592,0.489167,0.207713,838,4460,5298,5285.416
437,438,2012-03-13,1,1,3,0,2,1,1,0.565,0.542929,0.6175,0.23695,762,5085,5847,5795.1024
438,439,2012-03-14,1,1,3,0,3,1,1,0.5725,0.548617,0.507083,0.11506199999999998,997,5315,6312,6241.400057142858
439,440,2012-03-15,1,1,3,0,4,1,1,0.5575,0.532825,0.579583,0.149883,1005,5187,6192,6166.732990476191
440,441,2012-03-16,1,1,3,0,5,1,2,0.43583299999999997,0.436229,0.842083,0.113192,548,3830,4378,4562.236
441,442,2012-03-17,1,1,3,0,6,0,2,0.514167,0.505046,0.755833,0.110704,3155,4681,7836,6957.311866666667
442,443,2012-03-18,1,1,3,0,0,0,2,0.4725,0.46399999999999997,0.81,0.126883,2207,3685,5892,5212.952666666666
443,444,2012-03-19,1,1,3,0,1,1,1,0.545,0.532821,0.72875,0.16231700000000002,982,5171,6153,6084.2416539682545
444,445,2012-03-20,1,1,3,0,2,1,1,0.560833,0.538533,0.807917,0.121271,1051,5042,6093,6093.286
445,446,2012-03-21,2,1,3,0,3,1,2,0.531667,0.513258,0.82125,0.08955830000000001,1122,5108,6230,6088.395380952381
446,447,2012-03-22,2,1,3,0,4,1,1,0.554167,0.531567,0.83125,0.11756199999999999,1334,5537,6871,6557.788404761904
447,448,2012-03-23,2,1,3,0,5,1,2,0.601667,0.570067,0.694167,0.1163,2469,5893,8362,7710.0989
448,449,2012-03-24,2,1,3,0,6,0,2,0.5025,0.48673299999999997,0.885417,0.19278299999999998,1033,2339,3372,4106.668
449,450,2012-03-25,2,1,3,0,0,0,2,0.4375,0.437488,0.880833,0.220775,1532,3464,4996,4536.35
450,451,2012-03-26,2,1,3,0,1,1,1,0.445833,0.43875,0.477917,0.386821,795,4763,5558,5847.3315325396825
451,452,2012-03-27,2,1,3,0,2,1,1,0.323333,0.315654,0.29,0.187192,531,4571,5102,4897.156
452,453,2012-03-28,2,1,3,0,3,1,1,0.484167,0.47095,0.48125,0.291671,674,5024,5698,6051.041476190476
453,454,2012-03-29,2,1,3,0,4,1,1,0.494167,0.482304,0.43916700000000003,0.31965,834,5299,6133,6118.217904761906
454,455,2012-03-30,2,1,3,0,5,1,2,0.37,0.375621,0.580833,0.138067,796,4663,5459,5249.47
455,456,2012-03-31,2,1,3,0,6,0,2,0.424167,0.42170799999999997,0.738333,0.25061700000000003,2301,3934,6235,5563.388
456,457,2012-04-01,2,1,4,0,0,0,2,0.425833,0.41728699999999996,0.67625,0.172267,2347,3694,6041,5624.304
457,458,2012-04-02,2,1,4,0,1,1,1,0.433913,0.42751300000000003,0.5043479999999999,0.312139,1208,4728,5936,5909.2643535353545
458,459,2012-04-03,2,1,4,0,2,1,1,0.466667,0.461483,0.396667,0.100133,1348,5424,6772,6174.901777777777
459,460,2012-04-04,2,1,4,0,3,1,1,0.541667,0.53345,0.469583,0.180975,1058,5378,6436,6506.2472075267815
460,461,2012-04-05,2,1,4,0,4,1,1,0.435,0.431163,0.374167,0.219529,1192,5265,6457,6336.7810605363975
461,462,2012-04-06,2,1,4,0,5,1,1,0.403333,0.39076700000000003,0.377083,0.300388,1807,4653,6460,6095.945288888889
462,463,2012-04-07,2,1,4,0,6,0,1,0.4375,0.426129,0.25416700000000003,0.274871,3252,3605,6857,6217.987438314176
463,464,2012-04-08,2,1,4,0,0,0,1,0.5,0.492425,0.275833,0.232596,2230,2939,5169,5512.44
464,465,2012-04-09,2,1,4,0,1,1,1,0.489167,0.476638,0.3175,0.358196,905,4680,5585,5528.332
465,466,2012-04-10,2,1,4,0,2,1,1,0.446667,0.436233,0.435,0.249375,819,5099,5918,5955.953622222222
466,467,2012-04-11,2,1,4,0,3,1,1,0.348696,0.33727399999999996,0.46956499999999995,0.295274,482,4380,4862,5268.034111111111
467,468,2012-04-12,2,1,4,0,4,1,1,0.3975,0.387604,0.46625,0.290429,663,4746,5409,5598.783844444444
468,469,2012-04-13,2,1,4,0,5,1,1,0.4425,0.43180799999999997,0.408333,0.155471,1252,5146,6398,6392.244788021778
469,470,2012-04-14,2,1,4,0,6,0,1,0.495,0.487996,0.5029170000000001,0.190917,2795,4665,7460,7058.916904045713
470,471,2012-04-15,2,1,4,0,0,0,1,0.606667,0.573875,0.507917,0.225129,2846,4286,7132,6895.085888281326
471,472,2012-04-16,2,1,4,1,1,0,1,0.664167,0.614925,0.561667,0.284829,1198,5172,6370,6657.988511297201
472,473,2012-04-17,2,1,4,0,2,1,1,0.608333,0.598487,0.390417,0.273629,989,5702,6691,6699.0517716146605
473,474,2012-04-18,2,1,4,0,3,1,2,0.463333,0.457038,0.569167,0.16791199999999998,347,4020,4367,4947.690979425288
474,475,2012-04-19,2,1,4,0,4,1,1,0.49833299999999997,0.493046,0.6125,0.0659292,846,5719,6565,6606.084086652235
475,476,2012-04-20,2,1,4,0,5,1,1,0.526667,0.515775,0.694583,0.149871,1340,5950,7290,7060.754924762698
476,477,2012-04-21,2,1,4,0,6,0,1,0.57,0.542921,0.682917,0.283587,2541,4083,6624,6775.789189623126
477,478,2012-04-22,2,1,4,0,0,0,3,0.396667,0.389504,0.835417,0.344546,120,907,1027,1603.972
478,479,2012-04-23,2,1,4,0,1,1,2,0.321667,0.301125,0.766667,0.303496,195,3019,3214,3512.496
479,480,2012-04-24,2,1,4,0,2,1,1,0.413333,0.405283,0.454167,0.249383,518,5115,5633,5386.266333333333
480,481,2012-04-25,2,1,4,0,3,1,1,0.476667,0.470317,0.427917,0.11879200000000001,655,5541,6196,6227.956176250684
481,482,2012-04-26,2,1,4,0,4,1,2,0.49833299999999997,0.483583,0.756667,0.176625,475,4551,5026,5225.7838
482,483,2012-04-27,2,1,4,0,5,1,1,0.4575,0.452637,0.400833,0.34763299999999997,1014,5219,6233,6158.900346666666
483,484,2012-04-28,2,1,4,0,6,0,2,0.37666700000000003,0.377504,0.489583,0.129975,1120,3100,4220,4608.484
484,485,2012-04-29,2,1,4,0,0,0,1,0.458333,0.450121,0.587083,0.116908,2229,4075,6304,6188.164511111111
485,486,2012-04-30,2,1,4,0,1,1,2,0.464167,0.457696,0.57,0.171638,665,4907,5572,5483.656666666667
486,487,2012-05-01,2,1,5,0,2,1,2,0.613333,0.577021,0.659583,0.156096,653,5087,5740,5942.415473544974
487,488,2012-05-02,2,1,5,0,3,1,1,0.564167,0.537896,0.797083,0.138058,667,5502,6169,6173.661825396824
488,489,2012-05-03,2,1,5,0,4,1,2,0.56,0.537242,0.768333,0.133696,764,5657,6421,6298.586159740259
489,490,2012-05-04,2,1,5,0,5,1,1,0.6275,0.590917,0.735417,0.162938,1069,5227,6296,6775.9188546544965
490,491,2012-05-05,2,1,5,0,6,0,2,0.621667,0.584608,0.756667,0.15299200000000002,2496,4387,6883,6486.099524891775
491,492,2012-05-06,2,1,5,0,0,0,2,0.5625,0.546737,0.74,0.14987899999999998,2135,4224,6359,6154.229038383837
492,493,2012-05-07,2,1,5,0,1,1,2,0.5375,0.527142,0.664167,0.230721,1008,5265,6273,6046.3852112554105
493,494,2012-05-08,2,1,5,0,2,1,2,0.581667,0.557471,0.685833,0.296029,738,4990,5728,5900.65103982684
494,495,2012-05-09,2,1,5,0,3,1,2,0.575,0.553025,0.744167,0.216412,620,4097,4717,5104.7821047619045
495,496,2012-05-10,2,1,5,0,4,1,1,0.505833,0.49178299999999997,0.552083,0.31406300000000004,1026,5546,6572,6541.576012292992
496,497,2012-05-11,2,1,5,0,5,1,1,0.533333,0.520833,0.360417,0.23693699999999998,1319,5711,7030,6959.09420816905
497,498,2012-05-12,2,1,5,0,6,0,1,0.564167,0.544817,0.480417,0.12313299999999999,2622,4807,7429,7398.900910289648
498,499,2012-05-13,2,1,5,0,0,0,1,0.6125,0.585238,0.57625,0.225117,2172,3946,6118,6425.423455924794
499,500,2012-05-14,2,1,5,0,1,1,2,0.573333,0.5499,0.789583,0.21269200000000002,342,2501,2843,3646.1877999999997
500,501,2012-05-15,2,1,5,0,2,1,2,0.611667,0.576404,0.794583,0.147392,625,4490,5115,5268.744214285714
501,502,2012-05-16,2,1,5,0,3,1,1,0.636667,0.595975,0.697917,0.122512,991,6433,7424,7159.046315674853
502,503,2012-05-17,2,1,5,0,4,1,1,0.593333,0.572613,0.52,0.229475,1242,6142,7384,7320.329511034068
503,504,2012-05-18,2,1,5,0,5,1,1,0.564167,0.551121,0.523333,0.136817,1521,6118,7639,7452.428507121761
504,505,2012-05-19,2,1,5,0,6,0,1,0.6,0.566908,0.45625,0.083975,3410,4884,8294,7971.373537439781
505,506,2012-05-20,2,1,5,0,0,0,1,0.620833,0.583967,0.530417,0.254367,2704,4425,7129,6974.905574051112
506,507,2012-05-21,2,1,5,0,1,1,2,0.598333,0.565667,0.81125,0.233204,630,3729,4359,4419.0665
507,508,2012-05-22,2,1,5,0,2,1,2,0.615,0.580825,0.765833,0.11816700000000001,819,5254,6073,6010.259547619047
508,509,2012-05-23,2,1,5,0,3,1,2,0.621667,0.584612,0.774583,0.102,766,4494,5260,5665.797214285714
509,510,2012-05-24,2,1,5,0,4,1,1,0.655,0.6067,0.716667,0.172896,1059,5711,6770,6755.264668818958
510,511,2012-05-25,2,1,5,0,5,1,1,0.68,0.627529,0.7470829999999999,0.14055,1417,5317,6734,6769.5726529459425
511,512,2012-05-26,2,1,5,0,6,0,1,0.6925,0.642696,0.7325,0.198992,2855,3681,6536,6692.801065168163
512,513,2012-05-27,2,1,5,0,0,0,1,0.69,0.641425,0.697083,0.215171,3283,3308,6591,6512.387922186147
513,514,2012-05-28,2,1,5,1,1,0,1,0.7125,0.6793,0.67625,0.196521,2557,3486,6043,6265.428636777112
514,515,2012-05-29,2,1,5,0,2,1,1,0.7225,0.672992,0.6845829999999999,0.2954,880,4863,5743,6478.7759266338935
515,516,2012-05-30,2,1,5,0,3,1,2,0.656667,0.611129,0.67,0.134329,745,6110,6855,6612.776366303593
516,517,2012-05-31,2,1,5,0,4,1,1,0.68,0.631329,0.492917,0.195279,1100,6238,7338,7182.623149305657
517,518,2012-06-01,2,1,6,0,5,1,2,0.654167,0.607962,0.755417,0.23756300000000002,533,3594,4127,4793.064045454545
518,519,2012-06-02,2,1,6,0,6,0,1,0.583333,0.566288,0.549167,0.18656199999999998,2795,5325,8120,7701.880280130318
519,520,2012-06-03,2,1,6,0,0,0,1,0.6025,0.575133,0.49333299999999997,0.184087,2494,5147,7641,7257.070904175356
520,521,2012-06-04,2,1,6,0,1,1,1,0.5975,0.578283,0.487083,0.284833,1071,5927,6998,6965.414024275725
521,522,2012-06-05,2,1,6,0,2,1,2,0.540833,0.525892,0.613333,0.209575,968,6033,7001,6061.3250828028185
522,523,2012-06-06,2,1,6,0,3,1,1,0.554167,0.542292,0.61125,0.077125,1027,6028,7055,7034.7215500089105
523,524,2012-06-07,2,1,6,0,4,1,1,0.6025,0.569442,0.567083,0.15735,1038,6456,7494,7369.001956721769
524,525,2012-06-08,2,1,6,0,5,1,1,0.649167,0.597862,0.467917,0.17538299999999998,1488,6248,7736,7553.952341483577
525,526,2012-06-09,2,1,6,0,6,0,1,0.710833,0.648367,0.437083,0.144287,2708,4790,7498,7237.199078221235
526,527,2012-06-10,2,1,6,0,0,0,1,0.726667,0.663517,0.538333,0.133721,2224,4374,6598,6652.838498346902
527,528,2012-06-11,2,1,6,0,1,1,2,0.720833,0.659721,0.587917,0.207713,1017,5647,6664,6082.2580792091885
528,529,2012-06-12,2,1,6,0,2,1,2,0.6533329999999999,0.597875,0.833333,0.21454600000000001,477,4495,4972,4811.6485
529,530,2012-06-13,2,1,6,0,3,1,1,0.655833,0.611117,0.582083,0.343279,1173,6248,7421,6834.8946628574295
530,531,2012-06-14,2,1,6,0,4,1,1,0.648333,0.624383,0.569583,0.253733,1180,6183,7363,7319.769390464001
531,532,2012-06-15,2,1,6,0,5,1,1,0.639167,0.599754,0.589583,0.176617,1563,6102,7665,7522.069725697174
532,533,2012-06-16,2,1,6,0,6,0,1,0.631667,0.594708,0.504167,0.166667,2963,4739,7702,7609.16502619439
533,534,2012-06-17,2,1,6,0,0,0,1,0.5925,0.571975,0.59875,0.144904,2634,4344,6978,6895.199073205999
534,535,2012-06-18,2,1,6,0,1,1,2,0.568333,0.544842,0.777917,0.174746,653,4446,5099,5078.754633333333
535,536,2012-06-19,2,1,6,0,2,1,1,0.688333,0.654692,0.69,0.148017,968,5857,6825,6856.147754654434
536,537,2012-06-20,2,1,6,0,3,1,1,0.7825,0.720975,0.592083,0.11381199999999998,872,5339,6211,6449.131941907143
537,538,2012-06-21,3,1,6,0,4,1,1,0.805833,0.752542,0.567917,0.11878699999999999,778,5127,5905,6076.232115873016
538,539,2012-06-22,3,1,6,0,5,1,1,0.7775,0.724121,0.57375,0.182842,964,4859,5823,6639.787970716038
539,540,2012-06-23,3,1,6,0,6,0,1,0.731667,0.652792,0.534583,0.179721,2657,4801,7458,7385.244467542445
540,541,2012-06-24,3,1,6,0,0,0,1,0.743333,0.674254,0.479167,0.145525,2551,4340,6891,6903.171178489931
541,542,2012-06-25,3,1,6,0,1,1,1,0.7158329999999999,0.654042,0.504167,0.300383,1139,5640,6779,6835.570554883351
542,543,2012-06-26,3,1,6,0,2,1,1,0.630833,0.594704,0.37333299999999997,0.347642,1077,6365,7442,7179.857488557743
543,544,2012-06-27,3,1,6,0,3,1,1,0.6975,0.640792,0.36,0.271775,1077,6258,7335,7299.878954221791
544,545,2012-06-28,3,1,6,0,4,1,1,0.749167,0.675512,0.4225,0.17165,921,5958,6879,7092.8271289909935
545,546,2012-06-29,3,1,6,0,5,1,1,0.834167,0.786613,0.48875,0.165417,829,4634,5463,5745.5865
546,547,2012-06-30,3,1,6,0,6,0,1,0.765,0.687508,0.60125,0.161071,1455,4232,5687,6112.134837690677
547,548,2012-07-01,3,1,7,0,0,0,1,0.815833,0.750629,0.51875,0.16852899999999998,1421,4110,5531,5748.703964285714
548,549,2012-07-02,3,1,7,0,1,1,1,0.781667,0.702038,0.447083,0.195267,904,5323,6227,6366.055244139194
549,550,2012-07-03,3,1,7,0,2,1,1,0.780833,0.70265,0.492083,0.126237,1052,5608,6660,6679.1446039627035
550,551,2012-07-04,3,1,7,1,3,0,1,0.789167,0.732337,0.53875,0.13495,2562,4841,7403,7007.809970693838
551,552,2012-07-05,3,1,7,0,4,1,1,0.8275,0.761367,0.457917,0.194029,1405,4836,6241,6190.189705555555
552,553,2012-07-06,3,1,7,0,5,1,1,0.828333,0.752533,0.450833,0.146142,1366,4841,6207,6125.651688888889
553,554,2012-07-07,3,1,7,0,6,0,1,0.861667,0.804913,0.492083,0.163554,1448,3392,4840,5386.562688888889
554,555,2012-07-08,3,1,7,0,0,0,1,0.8225,0.790396,0.57375,0.125629,1203,3469,4672,5208.889
555,556,2012-07-09,3,1,7,0,1,1,2,0.710833,0.654054,0.683333,0.180975,998,5571,6569,6516.960638854477
556,557,2012-07-10,3,1,7,0,2,1,2,0.720833,0.664796,0.6675,0.15173699999999998,954,5336,6290,6445.895212496086
557,558,2012-07-11,3,1,7,0,3,1,1,0.716667,0.650271,0.633333,0.15173299999999998,975,6289,7264,7125.654265700171
558,559,2012-07-12,3,1,7,0,4,1,1,0.7158329999999999,0.654683,0.529583,0.146775,1032,6414,7446,7336.742597674082
559,560,2012-07-13,3,1,7,0,5,1,2,0.731667,0.667933,0.485833,0.08085,1511,5988,7499,7313.186674288821
560,561,2012-07-14,3,1,7,0,6,0,2,0.703333,0.666042,0.699167,0.143679,2355,4614,6969,6839.003845657454
561,562,2012-07-15,3,1,7,0,0,0,1,0.745833,0.705196,0.717917,0.166667,1920,4111,6031,6182.308950295815
562,563,2012-07-16,3,1,7,0,1,1,1,0.763333,0.724125,0.645,0.164187,1088,5742,6830,6689.575227149027
563,564,2012-07-17,3,1,7,0,2,1,1,0.818333,0.755683,0.505833,0.114429,921,5865,6786,6455.848225246974
564,565,2012-07-18,3,1,7,0,3,1,1,0.793333,0.745583,0.577083,0.137442,799,4914,5713,6093.889511340945
565,566,2012-07-19,3,1,7,0,4,1,1,0.77,0.714642,0.600417,0.165429,888,5703,6591,6651.739922807919
566,567,2012-07-20,3,1,7,0,5,1,2,0.665833,0.613025,0.844167,0.208967,747,5123,5870,5584.1475
567,568,2012-07-21,3,1,7,0,6,0,3,0.595833,0.549912,0.865417,0.2133,1264,3195,4459,4251.616
568,569,2012-07-22,3,1,7,0,0,0,2,0.6675,0.623125,0.7625,0.09392080000000001,2544,4866,7410,6786.396693333334
569,570,2012-07-23,3,1,7,0,1,1,1,0.741667,0.690017,0.694167,0.138683,1135,5831,6966,6869.814108273459
570,571,2012-07-24,3,1,7,0,2,1,1,0.750833,0.70645,0.655,0.211454,1140,6452,7592,7200.620581652391
571,572,2012-07-25,3,1,7,0,3,1,1,0.724167,0.654054,0.45,0.1648,1383,6790,8173,7719.916670831375
572,573,2012-07-26,3,1,7,0,4,1,1,0.776667,0.739263,0.5966670000000001,0.28481300000000004,1036,5825,6861,6815.112639743006
573,574,2012-07-27,3,1,7,0,5,1,1,0.781667,0.734217,0.594583,0.15299200000000002,1259,5645,6904,6803.6250735537915
574,575,2012-07-28,3,1,7,0,6,0,1,0.755833,0.697604,0.613333,0.15735,2234,4451,6685,6781.7511003184045
575,576,2012-07-29,3,1,7,0,0,0,1,0.7216670000000001,0.667933,0.62375,0.170396,2153,4444,6597,6597.775757640757
576,577,2012-07-30,3,1,7,0,1,1,1,0.730833,0.684987,0.66875,0.153617,1040,6065,7105,6640.509542489242
577,578,2012-07-31,3,1,7,0,2,1,1,0.713333,0.662896,0.704167,0.165425,968,6248,7216,6554.380512824368
578,579,2012-08-01,3,1,8,0,3,1,1,0.7175,0.667308,0.6775,0.141179,1074,6506,7580,7258.699493853194
579,580,2012-08-02,3,1,8,0,4,1,1,0.7525,0.707088,0.659583,0.129354,983,6278,7261,7194.460915531294
580,581,2012-08-03,3,1,8,0,5,1,2,0.765833,0.722867,0.6425,0.215792,1328,5847,7175,6910.655427469753
581,582,2012-08-04,3,1,8,0,6,0,1,0.793333,0.751267,0.613333,0.257458,2345,4479,6824,6719.331491047256
582,583,2012-08-05,3,1,8,0,0,0,1,0.769167,0.731079,0.6525,0.290421,1707,3757,5464,5914.98436060606
583,584,2012-08-06,3,1,8,0,1,1,2,0.7525,0.710246,0.654167,0.129354,1233,5780,7013,6821.477532268907
584,585,2012-08-07,3,1,8,0,2,1,2,0.735833,0.697621,0.70375,0.116908,1278,5995,7273,6701.702002857143
585,586,2012-08-08,3,1,8,0,3,1,2,0.75,0.707717,0.672917,0.1107,1263,6271,7534,7304.576566991305
586,587,2012-08-09,3,1,8,0,4,1,1,0.755833,0.699508,0.620417,0.1561,1196,6090,7286,7183.869373442661
587,588,2012-08-10,3,1,8,0,5,1,2,0.7158329999999999,0.667942,0.7158329999999999,0.238813,1065,4721,5786,5991.078798268397
588,589,2012-08-11,3,1,8,0,6,0,2,0.6925,0.638267,0.732917,0.206479,2247,4052,6299,6272.17704004329
589,590,2012-08-12,3,1,8,0,0,0,1,0.700833,0.644579,0.530417,0.122512,2182,4362,6544,6704.060864914529
590,591,2012-08-13,3,1,8,0,1,1,1,0.720833,0.662254,0.545417,0.136212,1207,5676,6883,6827.637494863458
591,592,2012-08-14,3,1,8,0,2,1,1,0.726667,0.676779,0.686667,0.169158,1128,5656,6784,6809.552832135123
592,593,2012-08-15,3,1,8,0,3,1,1,0.706667,0.654037,0.619583,0.169771,1198,6149,7347,7266.6401889335375
593,594,2012-08-16,3,1,8,0,4,1,1,0.719167,0.654688,0.519167,0.141796,1338,6267,7605,7352.637849957349
594,595,2012-08-17,3,1,8,0,5,1,1,0.723333,0.2424,0.570833,0.231354,1483,5665,7148,7228.213395133931
595,596,2012-08-18,3,1,8,0,6,0,1,0.678333,0.618071,0.603333,0.177867,2827,5038,7865,7589.032107204982
596,597,2012-08-19,3,1,8,0,0,0,2,0.635833,0.603554,0.711667,0.08645,1208,3341,4549,5372.835555555556
597,598,2012-08-20,3,1,8,0,1,1,2,0.635833,0.595967,0.734167,0.12997899999999998,1026,5504,6530,6342.879226551227
598,599,2012-08-21,3,1,8,0,2,1,1,0.649167,0.601025,0.67375,0.07277080000000001,1081,5925,7006,7079.491326610345
599,600,2012-08-22,3,1,8,0,3,1,1,0.6675,0.621854,0.677083,0.0702833,1094,6281,7375,7391.776758015936
600,601,2012-08-23,3,1,8,0,4,1,1,0.695833,0.637008,0.635833,0.08459580000000001,1363,6402,7765,7621.866019880115
601,602,2012-08-24,3,1,8,0,5,1,2,0.7025,0.6471,0.615,0.07214580000000001,1325,6257,7582,7256.176454558552
602,603,2012-08-25,3,1,8,0,6,0,2,0.661667,0.618696,0.712917,0.244408,1829,4224,6053,6220.2951952380945
603,604,2012-08-26,3,1,8,0,0,0,2,0.6533329999999999,0.595996,0.845833,0.228858,1483,3772,5255,5168.35
604,605,2012-08-27,3,1,8,0,1,1,1,0.703333,0.654688,0.730417,0.128733,989,5928,6917,6621.207238479855
605,606,2012-08-28,3,1,8,0,2,1,1,0.728333,0.66605,0.62,0.190925,935,6105,7040,6978.370938535048
606,607,2012-08-29,3,1,8,0,3,1,1,0.685,0.635733,0.552083,0.112562,1177,6520,7697,7561.809093419838
607,608,2012-08-30,3,1,8,0,4,1,1,0.706667,0.652779,0.590417,0.0771167,1172,6541,7713,7564.684017525548
608,609,2012-08-31,3,1,8,0,5,1,1,0.764167,0.6894,0.5875,0.168533,1433,5917,7350,6759.567997092972
609,610,2012-09-01,3,1,9,0,6,0,2,0.753333,0.702654,0.638333,0.113187,2352,3788,6140,6530.0227527472525
610,611,2012-09-02,3,1,9,0,0,0,2,0.696667,0.649,0.815,0.06407080000000001,2613,3197,5810,5958.211
611,612,2012-09-03,3,1,9,1,1,0,1,0.7075,0.661629,0.790833,0.151121,1965,4069,6034,6199.712499999999
612,613,2012-09-04,3,1,9,0,2,1,1,0.725833,0.686888,0.755,0.236321,867,5997,6864,6396.97656904762
613,614,2012-09-05,3,1,9,0,3,1,1,0.736667,0.708983,0.74125,0.187808,832,6280,7112,7004.282248534799
614,615,2012-09-06,3,1,9,0,4,1,2,0.696667,0.655329,0.810417,0.142421,611,5592,6203,6197.689928571429
615,616,2012-09-07,3,1,9,0,5,1,1,0.703333,0.657204,0.73625,0.171646,1045,6459,7504,7279.566129857072
616,617,2012-09-08,3,1,9,0,6,0,2,0.6591670000000001,0.611121,0.799167,0.281104,1557,4419,5976,5934.383285714285
617,618,2012-09-09,3,1,9,0,0,0,1,0.61,0.578925,0.5475,0.224496,2570,5657,8227,7816.241176190475
618,619,2012-09-10,3,1,9,0,1,1,1,0.583333,0.565654,0.50375,0.258713,1118,6407,7525,7531.662197246545
619,620,2012-09-11,3,1,9,0,2,1,1,0.5775,0.554292,0.52,0.09205419999999999,1070,6697,7767,7617.583535682027
620,621,2012-09-12,3,1,9,0,3,1,1,0.599167,0.570075,0.577083,0.131846,1050,6820,7870,7736.108056219754
621,622,2012-09-13,3,1,9,0,4,1,1,0.6125,0.579558,0.637083,0.08272080000000001,1054,6750,7804,7777.541934839283
622,623,2012-09-14,3,1,9,0,5,1,1,0.633333,0.594083,0.6725,0.10386300000000001,1379,6630,8009,7892.699464398682
623,624,2012-09-15,3,1,9,0,6,0,1,0.608333,0.585867,0.501667,0.247521,3160,5554,8714,8353.044810904223
624,625,2012-09-16,3,1,9,0,0,0,1,0.58,0.563125,0.57,0.09018330000000001,2166,5167,7333,7324.916389083139
625,626,2012-09-17,3,1,9,0,1,1,2,0.580833,0.55305,0.734583,0.15174200000000002,1022,5847,6869,6578.334479653679
626,627,2012-09-18,3,1,9,0,2,1,2,0.623333,0.565067,0.8725,0.357587,371,3702,4073,4152.128
627,628,2012-09-19,3,1,9,0,3,1,1,0.5525,0.540404,0.536667,0.215175,788,6803,7591,7589.763231986795
628,629,2012-09-20,3,1,9,0,4,1,1,0.546667,0.532192,0.618333,0.11816700000000001,939,6781,7720,7699.496738681197
629,630,2012-09-21,3,1,9,0,5,1,1,0.599167,0.571971,0.66875,0.154229,1250,6917,8167,7977.505229387179
630,631,2012-09-22,3,1,9,0,6,0,1,0.65,0.610488,0.646667,0.283583,2512,5883,8395,8076.342380194805
631,632,2012-09-23,4,1,9,0,0,0,1,0.529167,0.518933,0.46708299999999997,0.22325799999999998,2454,5453,7907,7652.7626908868915
632,633,2012-09-24,4,1,9,0,1,1,1,0.514167,0.502513,0.492917,0.142404,1001,6435,7436,7370.325588468721
633,634,2012-09-25,4,1,9,0,2,1,1,0.55,0.544179,0.57,0.236321,845,6693,7538,7575.793283756176
634,635,2012-09-26,4,1,9,0,3,1,1,0.635,0.5966130000000001,0.630833,0.2444,787,6946,7733,7693.315616226194
635,636,2012-09-27,4,1,9,0,4,1,2,0.65,0.607975,0.690833,0.13434200000000002,751,6642,7393,7300.276262201399
636,637,2012-09-28,4,1,9,0,5,1,2,0.619167,0.585863,0.69,0.164179,1045,6370,7415,7277.7300090989465
637,638,2012-09-29,4,1,9,0,6,0,1,0.5425,0.530296,0.542917,0.227604,2589,5966,8555,8255.705307483895
638,639,2012-09-30,4,1,9,0,0,0,1,0.526667,0.517663,0.583333,0.134958,2015,4874,6889,7029.3839509157515
639,640,2012-10-01,4,1,10,0,1,1,2,0.520833,0.512,0.649167,0.09080419999999999,763,6015,6778,6563.841444444445
640,641,2012-10-02,4,1,10,0,2,1,3,0.5908329999999999,0.542333,0.871667,0.104475,315,4324,4639,4411.62
641,642,2012-10-03,4,1,10,0,3,1,2,0.6575,0.599133,0.79375,0.0665458,728,6844,7572,7101.7042
642,643,2012-10-04,4,1,10,0,4,1,2,0.6575,0.607975,0.722917,0.117546,891,6437,7328,7216.90095
643,644,2012-10-05,4,1,10,0,5,1,1,0.615,0.580187,0.6275,0.10635,1516,6640,8156,7918.843087903477
644,645,2012-10-06,4,1,10,0,6,0,1,0.554167,0.538521,0.664167,0.268025,3031,4934,7965,7818.063530504992
645,646,2012-10-07,4,1,10,0,0,0,2,0.415833,0.419813,0.708333,0.14116199999999998,781,2729,3510,4144.5026
646,647,2012-10-08,4,1,10,1,1,0,2,0.383333,0.387608,0.709583,0.189679,874,4604,5478,4646.3515
647,648,2012-10-09,4,1,10,0,2,1,2,0.446667,0.438112,0.761667,0.1903,601,5791,6392,5986.8945
648,649,2012-10-10,4,1,10,0,3,1,1,0.514167,0.503142,0.630833,0.18782100000000002,780,6911,7691,7335.612511404416
649,650,2012-10-11,4,1,10,0,4,1,1,0.435,0.431167,0.463333,0.181596,834,6736,7570,7264.886913570664
650,651,2012-10-12,4,1,10,0,5,1,1,0.4375,0.433071,0.539167,0.235092,1060,6222,7282,7177.539562249179
651,652,2012-10-13,4,1,10,0,6,0,1,0.393333,0.391396,0.494583,0.146142,2252,4857,7109,6625.041899425287
652,653,2012-10-14,4,1,10,0,0,0,1,0.521667,0.508204,0.640417,0.27861199999999997,2080,4559,6639,7000.843700000002
653,654,2012-10-15,4,1,10,0,1,1,2,0.561667,0.53915,0.7075,0.296037,760,5115,5875,6062.524966666667
654,655,2012-10-16,4,1,10,0,2,1,1,0.468333,0.460846,0.558333,0.182221,922,6612,7534,7232.576841079573
655,656,2012-10-17,4,1,10,0,3,1,1,0.455833,0.450108,0.692917,0.101371,979,6482,7461,7124.718646861184
656,657,2012-10-18,4,1,10,0,4,1,2,0.5225,0.512625,0.728333,0.23693699999999998,1008,6501,7509,7164.633744588745
657,658,2012-10-19,4,1,10,0,5,1,2,0.563333,0.537896,0.815,0.134954,753,4671,5424,5880.4290909090905
658,659,2012-10-20,4,1,10,0,6,0,1,0.484167,0.472842,0.572917,0.11753699999999999,2806,5284,8090,7793.801194663384
659,660,2012-10-21,4,1,10,0,0,0,1,0.464167,0.456429,0.51,0.166054,2132,4692,6824,6891.746314646466
660,661,2012-10-22,4,1,10,0,1,1,1,0.4875,0.482942,0.568333,0.08148330000000001,830,6228,7058,7131.192235786436
661,662,2012-10-23,4,1,10,0,2,1,1,0.544167,0.530304,0.641667,0.09454580000000001,841,6625,7466,7459.123322117812
662,663,2012-10-24,4,1,10,0,3,1,1,0.5875,0.558721,0.63625,0.07277919999999999,795,6898,7693,7640.622178681061
663,664,2012-10-25,4,1,10,0,4,1,2,0.55,0.529688,0.800417,0.124375,875,6484,7359,7163.114060750361
664,665,2012-10-26,4,1,10,0,5,1,2,0.545833,0.52275,0.807083,0.132467,1182,6262,7444,7101.698994083694
665,666,2012-10-27,4,1,10,0,6,0,2,0.53,0.515133,0.72,0.235692,2643,5209,7852,7521.66982034632
666,667,2012-10-28,4,1,10,0,0,0,2,0.4775,0.467771,0.694583,0.398008,998,3461,4459,5134.605285714286
667,668,2012-10-29,4,1,10,0,1,1,3,0.44,0.4394,0.88,0.3582,2,20,22,1240.582
668,669,2012-10-30,4,1,10,0,2,1,2,0.318182,0.309909,0.8254549999999999,0.213009,87,1009,1096,2233.408
669,670,2012-10-31,4,1,10,0,3,1,2,0.3575,0.3611,0.666667,0.166667,419,5147,5566,5157.040333333334
670,671,2012-11-01,4,1,11,0,4,1,2,0.365833,0.369942,0.581667,0.157346,466,5520,5986,5625.178099999999
671,672,2012-11-02,4,1,11,0,5,1,1,0.355,0.356042,0.522083,0.266175,618,5229,5847,5743.608
672,673,2012-11-03,4,1,11,0,6,0,2,0.343333,0.323846,0.49125,0.270529,1029,4109,5138,5313.720666666666
673,674,2012-11-04,4,1,11,0,0,0,1,0.325833,0.329538,0.532917,0.179108,1201,3906,5107,5104.545318181818
674,675,2012-11-05,4,1,11,0,1,1,1,0.31916700000000003,0.308075,0.494167,0.236325,378,4881,5259,5207.180918181818
675,676,2012-11-06,4,1,11,0,2,1,1,0.280833,0.281567,0.567083,0.173513,466,5220,5686,5055.067166666666
676,677,2012-11-07,4,1,11,0,3,1,2,0.295833,0.274621,0.5475,0.304108,326,4709,5035,5067.168584848485
677,678,2012-11-08,4,1,11,0,4,1,1,0.352174,0.341891,0.333478,0.347835,340,4975,5315,5118.4239333333335
678,679,2012-11-09,4,1,11,0,5,1,1,0.361667,0.35541300000000003,0.540833,0.214558,709,5283,5992,5556.9275
679,680,2012-11-10,4,1,11,0,6,0,1,0.389167,0.393937,0.645417,0.05784580000000001,2090,4446,6536,6095.728
680,681,2012-11-11,4,1,11,0,0,0,1,0.420833,0.421713,0.6591670000000001,0.1275,2290,4562,6852,5386.006888888889
681,682,2012-11-12,4,1,11,1,1,0,1,0.485,0.475383,0.741667,0.173517,1097,5172,6269,6136.202833333334
682,683,2012-11-13,4,1,11,0,2,1,2,0.343333,0.323225,0.662917,0.342046,327,3767,4094,4341.7275
683,684,2012-11-14,4,1,11,0,3,1,1,0.289167,0.281563,0.552083,0.199625,373,5122,5495,5343.874599999999
684,685,2012-11-15,4,1,11,0,4,1,2,0.321667,0.324492,0.620417,0.15298699999999998,320,5125,5445,5104.897099999999
685,686,2012-11-16,4,1,11,0,5,1,1,0.345,0.347204,0.524583,0.171025,484,5214,5698,5518.206733333333
686,687,2012-11-17,4,1,11,0,6,0,1,0.325,0.326383,0.545417,0.179729,1313,4316,5629,5503.784238095238
687,688,2012-11-18,4,1,11,0,0,0,1,0.3425,0.337746,0.692917,0.22761199999999998,922,3747,4669,4648.049
688,689,2012-11-19,4,1,11,0,1,1,2,0.380833,0.375621,0.623333,0.235067,449,5050,5499,5297.1438333333335
689,690,2012-11-20,4,1,11,0,2,1,2,0.374167,0.38066700000000003,0.685,0.082725,534,5100,5634,5203.3425
690,691,2012-11-21,4,1,11,0,3,1,1,0.353333,0.364892,0.61375,0.103246,615,4531,5146,5009.467151515152
691,692,2012-11-22,4,1,11,1,4,0,1,0.34,0.350371,0.580417,0.05287080000000001,955,1470,2425,3457.903
692,693,2012-11-23,4,1,11,0,5,1,1,0.36833299999999997,0.378779,0.56875,0.148021,1603,2307,3910,4274.618
693,694,2012-11-24,4,1,11,0,6,0,1,0.278333,0.24874200000000002,0.40458299999999997,0.376871,532,1745,2277,3077.4685
694,695,2012-11-25,4,1,11,0,0,0,1,0.245833,0.257583,0.468333,0.1505,309,2115,2424,3680.6678333333334
695,696,2012-11-26,4,1,11,0,1,1,1,0.313333,0.33900399999999997,0.535417,0.04665,337,4750,5087,4684.604818181819
696,697,2012-11-27,4,1,11,0,2,1,2,0.291667,0.281558,0.786667,0.237562,123,3836,3959,3824.298
697,698,2012-11-28,4,1,11,0,3,1,1,0.296667,0.28976199999999996,0.50625,0.210821,198,5062,5260,4818.168584848485
698,699,2012-11-29,4,1,11,0,4,1,1,0.28087,0.29842199999999997,0.555652,0.115522,243,5080,5323,4923.5579333333335
699,700,2012-11-30,4,1,11,0,5,1,1,0.298333,0.323867,0.649583,0.05847080000000001,362,5306,5668,5284.191
700,701,2012-12-01,4,1,12,0,6,0,2,0.298333,0.316904,0.806667,0.05970419999999999,951,4240,5191,4943.704
701,702,2012-12-02,4,1,12,0,0,0,2,0.3475,0.35920799999999997,0.823333,0.12437899999999999,892,3757,4649,4410.5836
702,703,2012-12-03,4,1,12,0,1,1,1,0.4525,0.455796,0.7675,0.08272080000000001,555,5679,6234,6056.454
703,704,2012-12-04,4,1,12,0,2,1,1,0.475833,0.46905399999999997,0.73375,0.174129,551,6055,6606,6082.150079004329
704,705,2012-12-05,4,1,12,0,3,1,1,0.438333,0.428012,0.485,0.324021,331,5398,5729,5903.488368421053
705,706,2012-12-06,4,1,12,0,4,1,1,0.255833,0.258204,0.50875,0.174754,340,5035,5375,4357.2315
706,707,2012-12-07,4,1,12,0,5,1,2,0.320833,0.32195799999999997,0.764167,0.1306,349,4659,5008,4881.257
707,708,2012-12-08,4,1,12,0,6,0,2,0.38166700000000003,0.38950799999999997,0.91125,0.101379,1153,4429,5582,5086.98
708,709,2012-12-09,4,1,12,0,0,0,2,0.384167,0.390146,0.905417,0.157975,441,2787,3228,3659.71
709,710,2012-12-10,4,1,12,0,1,1,2,0.43583299999999997,0.435575,0.925,0.190308,329,4841,5170,4363.06
710,711,2012-12-11,4,1,12,0,2,1,2,0.353333,0.338363,0.5966670000000001,0.296037,282,5219,5501,5311.916518181819
711,712,2012-12-12,4,1,12,0,3,1,2,0.2975,0.297338,0.538333,0.162937,310,5009,5319,5162.869551515151
712,713,2012-12-13,4,1,12,0,4,1,1,0.295833,0.294188,0.485833,0.174129,425,5107,5532,5429.818466666667
713,714,2012-12-14,4,1,12,0,5,1,1,0.281667,0.294192,0.642917,0.13122899999999998,429,5182,5611,5363.7077714285715
714,715,2012-12-15,4,1,12,0,6,0,1,0.324167,0.338383,0.650417,0.10635,767,4280,5047,5430.182
715,716,2012-12-16,4,1,12,0,0,0,2,0.3625,0.369938,0.83875,0.100742,538,3248,3786,3968.6356
716,717,2012-12-17,4,1,12,0,1,1,2,0.393333,0.4015,0.907083,0.0982583,212,4373,4585,4361.417
717,718,2012-12-18,4,1,12,0,2,1,1,0.410833,0.409708,0.66625,0.221404,433,5124,5557,5292.496333333333
718,719,2012-12-19,4,1,12,0,3,1,1,0.3325,0.34216199999999997,0.625417,0.184092,333,4934,5267,5122.419651515152
719,720,2012-12-20,4,1,12,0,4,1,2,0.33,0.335217,0.667917,0.132463,314,3814,4128,4505.194
720,721,2012-12-21,1,1,12,0,5,1,2,0.326667,0.301767,0.556667,0.37438299999999997,221,3402,3623,3483.620666666667
721,722,2012-12-22,1,1,12,0,6,0,1,0.265833,0.23611300000000002,0.44125,0.407346,205,1544,1749,2222.511
722,723,2012-12-23,1,1,12,0,0,0,1,0.245833,0.259471,0.515417,0.13308299999999998,408,1379,1787,2075.7
723,724,2012-12-24,1,1,12,0,1,1,2,0.231304,0.2589,0.791304,0.07723039999999999,174,746,920,1392.638
724,725,2012-12-25,1,1,12,1,2,0,2,0.291304,0.29446500000000003,0.734783,0.168726,440,573,1013,1746.972
725,726,2012-12-26,1,1,12,0,3,1,3,0.243333,0.220333,0.823333,0.316546,9,432,441,890.198
726,727,2012-12-27,1,1,12,0,4,1,2,0.25416700000000003,0.226642,0.652917,0.35013299999999997,247,1867,2114,2203.854
727,728,2012-12-28,1,1,12,0,5,1,2,0.253333,0.255046,0.59,0.155471,644,2451,3095,2791.33
728,729,2012-12-29,1,1,12,0,6,0,2,0.253333,0.2424,0.7529170000000001,0.124383,159,1182,1341,1660.104
729,730,2012-12-30,1,1,12,0,0,0,1,0.255833,0.2317,0.483333,0.350754,364,1432,1796,2420.68
730,731,2012-12-31,1,1,12,0,1,1,2,0.215833,0.223487,0.5775,0.154846,439,2290,2729,2572.902
